n_neighbors,recuerdo_agradable__word_properties__granularity_mean,recuerdo_agradable__word_properties__concreteness_mean,recuerdo_agradable__word_properties__num_phonemes_mean,recuerdo_agradable__word_properties__num_syll_mean,recuerdo_agradable__word_properties__phon_neigh_mean,recuerdo_agradable__mlu__quantity_of_sentences,recuerdo_agradable__mlu__mlu,recuerdo_agradable__universal_dependencies__core_norm,recuerdo_agradable__universal_dependencies__non-core_norm,recuerdo_agradable__universal_dependencies__nominal_norm,recuerdo_agradable__universal_dependencies__non-dependency_norm,recuerdo_agradable__verbosity__total_words,recuerdo_agradable__verbosity__mattr_all,recuerdo_agradable__verbosity__noun_count,recuerdo_agradable__verbosity__verb_count,recuerdo_agradable__verbosity__adj_count,recuerdo_agradable__verbosity__adv_count,recuerdo_agradable__verbosity__ratio_noun_over_total,recuerdo_agradable__verbosity__ratio_verb_over_total,recuerdo_agradable__verbosity__ratio_adj_over_total,recuerdo_agradable__verbosity__ratio_adv_over_total,recuerdo_agradable__talking_intervals__nsyll,recuerdo_agradable__talking_intervals__npauses,recuerdo_agradable__talking_intervals__speechrate,recuerdo_agradable__talking_intervals__syllable_duration_mean,recuerdo_agradable__talking_intervals__pause_duration_mean
5,0,1,0,0,1,1,0,1,1,1,0,0,0,1,1,0,0,0,1,0,0,0,0,1,0,1
5,1,0,0,1,1,0,1,1,0,1,0,0,1,0,0,1,0,0,1,1,0,1,0,1,1,0
5,0,0,1,1,1,0,0,0,1,1,1,0,1,0,1,1,1,1,0,0,0,0,1,0,1,0
5,0,1,1,0,0,1,0,0,1,0,1,0,0,1,1,0,1,1,0,1,0,0,0,0,1,1
5,1,1,0,0,0,0,0,0,1,0,1,0,0,0,1,0,0,1,0,0,1,1,1,0,1,0
5,0,1,0,1,0,0,0,0,0,1,1,1,0,1,0,1,1,0,0,0,1,0,0,0,0,1
5,1,0,0,1,0,0,0,0,1,1,1,1,0,0,0,0,0,0,0,1,0,1,0,1,1,1
5,1,1,0,0,0,1,1,1,0,1,1,0,1,0,0,0,0,0,1,1,0,0,0,1,1,0
5,0,0,0,1,1,0,1,1,1,1,0,0,1,0,1,1,1,1,0,0,0,0,1,0,0,0
5,0,1,1,0,0,1,0,0,1,0,1,0,0,0,1,0,0,0,1,1,1,1,1,0,1,0
5,1,0,1,0,0,1,0,0,1,0,0,1,0,0,0,1,1,0,1,1,1,0,1,1,0,0
5,1,0,1,0,1,0,1,1,0,0,0,0,1,0,1,0,1,1,0,1,0,0,1,0,0,0
5,0,0,1,1,0,1,1,0,0,0,1,0,1,1,1,0,1,0,1,0,1,0,1,0,0,1
5,0,1,1,1,1,0,0,0,0,0,1,1,0,1,0,0,1,0,0,1,1,1,0,1,0,1
5,1,0,0,0,0,1,0,1,1,0,1,1,1,1,0,1,0,1,0,0,0,1,1,1,0,0
5,1,1,1,0,1,1,1,0,1,1,0,0,1,0,0,0,0,0,0,0,0,0,1,1,0,0
5,0,1,0,1,1,1,1,0,0,1,1,1,0,0,1,0,0,0,1,0,0,1,1,0,1,1
5,1,1,1,1,1,0,0,0,0,0,0,1,0,0,1,0,1,1,1,1,0,1,0,1,0,1
5,1,0,0,0,1,0,1,1,1,0,0,1,1,1,1,0,0,0,1,0,1,1,1,0,1,0
5,0,0,0,1,0,0,1,1,0,0,1,0,0,0,1,0,0,0,1,1,1,0,1,1,0,1
5,1,0,0,0,1,0,0,0,1,1,1,0,0,0,0,1,1,1,0,1,0,0,1,0,0,1
5,0,0,0,0,0,0,1,1,1,0,0,0,0,1,0,0,1,1,1,1,0,0,0,1,0,0
5,1,1,1,1,0,0,0,0,0,0,0,0,1,1,0,0,1,0,1,1,0,1,0,1,1,1
5,0,0,1,1,0,1,1,0,0,0,0,1,1,1,0,0,1,1,0,0,1,0,1,0,0,1
5,0,0,1,0,0,0,0,1,1,0,0,1,0,1,0,1,0,1,1,0,1,1,1,0,0,0
5,1,1,1,0,1,0,1,0,0,0,0,0,0,1,0,0,1,1,0,1,0,1,0,1,0,1
5,0,0,0,1,0,0,0,0,1,0,1,1,1,0,0,1,0,0,1,0,0,1,1,1,1,0
5,0,1,1,1,0,1,0,1,0,1,0,0,1,1,1,0,0,1,0,0,1,1,0,1,0,0
5,1,0,0,1,1,0,1,0,0,1,0,1,1,1,0,0,1,1,0,0,1,0,0,0,1,0
5,0,1,0,0,1,0,1,1,0,0,0,0,1,1,1,1,1,1,0,0,1,0,1,0,0,1
5,1,1,0,1,0,1,0,0,1,0,0,0,1,0,0,0,0,0,0,1,1,0,1,1,0,1
5,1,1,1,1,1,0,0,0,0,0,0,1,0,0,0,1,0,1,1,1,0,0,0,1,0,0
5,1,1,0,0,0,1,1,1,1,1,0,1,1,1,0,1,1,0,0,0,0,0,0,0,0,1
5,0,0,0,1,1,0,0,1,1,0,1,0,0,0,1,1,0,0,0,1,0,0,1,1,0,1
5,1,1,1,1,1,1,1,1,1,1,1,1,1,1,1,1,1,1,1,1,1,1,1,1,1,1
5,0,1,0,1,1,1,0,1,1,0,0,0,1,0,0,1,0,0,1,0,1,0,1,1,1,1
5,0,0,1,0,0,1,0,0,1,0,1,0,0,0,1,1,0,1,1,1,0,1,0,0,1,0
5,1,1,0,0,0,0,0,0,1,1,0,1,1,0,0,1,0,0,0,0,0,0,0,1,1,1
5,1,0,0,1,0,0,0,0,0,0,1,0,0,1,0,1,0,1,0,0,1,0,1,1,1,1
5,1,1,0,0,1,1,0,0,0,1,0,0,0,0,1,0,1,0,1,0,1,0,0,0,1,1
5,0,0,1,0,0,0,1,1,1,1,0,0,1,1,0,0,0,1,0,1,0,0,1,0,0,1
5,1,1,0,0,1,0,0,1,0,0,0,0,1,1,0,0,1,1,1,0,0,0,0,1,1,1
5,1,0,1,1,0,0,1,1,1,1,0,1,0,0,0,1,1,0,0,1,1,1,1,0,0,0
5,0,0,0,0,0,0,1,1,1,0,1,1,1,1,0,0,1,0,0,0,0,0,1,1,1,1
5,1,1,0,1,1,0,0,0,1,0,0,1,0,0,1,1,0,0,0,0,0,1,1,1,1,1
5,0,0,1,0,0,0,1,0,0,0,1,1,0,0,1,0,1,1,1,0,0,0,0,1,0,1
5,0,1,1,1,0,0,1,1,0,1,1,0,0,1,1,0,0,0,1,1,1,0,0,0,1,1
5,0,0,0,1,0,1,0,0,1,1,1,0,1,1,0,0,1,1,0,1,1,1,0,0,0,0
5,0,0,0,1,1,1,0,1,0,1,1,1,0,0,0,0,0,1,0,1,0,0,1,1,1,1
5,1,0,0,0,1,1,0,0,1,0,1,0,1,1,0,0,0,1,1,0,1,1,1,0,0,0
5,1,1,1,0,0,1,0,0,1,1,0,1,1,0,0,0,0,1,0,1,0,1,0,0,1,0
1,0,1,0,0,1,1,0,1,1,1,0,0,0,1,1,0,0,0,1,0,0,0,0,1,0,1
1,1,0,0,1,1,0,1,1,0,1,0,0,1,0,0,1,0,0,1,1,0,1,0,1,1,0
1,0,0,1,1,1,0,0,0,1,1,1,0,1,0,1,1,1,1,0,0,0,0,1,0,1,0
1,0,1,1,0,0,1,0,0,1,0,1,0,0,1,1,0,1,1,0,1,0,0,0,0,1,1
1,1,1,0,0,0,0,0,0,1,0,1,0,0,0,1,0,0,1,0,0,1,1,1,0,1,0
1,0,1,0,1,0,0,0,0,0,1,1,1,0,1,0,1,1,0,0,0,1,0,0,0,0,1
1,1,0,0,1,0,0,0,0,1,1,1,1,0,0,0,0,0,0,0,1,0,1,0,1,1,1
1,1,1,0,0,0,1,1,1,0,1,1,0,1,0,0,0,0,0,1,1,0,0,0,1,1,0
1,0,0,0,1,1,0,1,1,1,1,0,0,1,0,1,1,1,1,0,0,0,0,1,0,0,0
1,0,1,1,0,0,1,0,0,1,0,1,0,0,0,1,0,0,0,1,1,1,1,1,0,1,0
1,1,0,1,0,0,1,0,0,1,0,0,1,0,0,0,1,1,0,1,1,1,0,1,1,0,0
1,1,0,1,0,1,0,1,1,0,0,0,0,1,0,1,0,1,1,0,1,0,0,1,0,0,0
1,0,0,1,1,0,1,1,0,0,0,1,0,1,1,1,0,1,0,1,0,1,0,1,0,0,1
1,0,1,1,1,1,0,0,0,0,0,1,1,0,1,0,0,1,0,0,1,1,1,0,1,0,1
1,1,0,0,0,0,1,0,1,1,0,1,1,1,1,0,1,0,1,0,0,0,1,1,1,0,0
1,1,1,1,0,1,1,1,0,1,1,0,0,1,0,0,0,0,0,0,0,0,0,1,1,0,0
1,0,1,0,1,1,1,1,0,0,1,1,1,0,0,1,0,0,0,1,0,0,1,1,0,1,1
1,1,1,1,1,1,0,0,0,0,0,0,1,0,0,1,0,1,1,1,1,0,1,0,1,0,1
1,1,0,0,0,1,0,1,1,1,0,0,1,1,1,1,0,0,0,1,0,1,1,1,0,1,0
1,0,0,0,1,0,0,1,1,0,0,1,0,0,0,1,0,0,0,1,1,1,0,1,1,0,1
1,1,0,0,0,1,0,0,0,1,1,1,0,0,0,0,1,1,1,0,1,0,0,1,0,0,1
1,0,0,0,0,0,0,1,1,1,0,0,0,0,1,0,0,1,1,1,1,0,0,0,1,0,0
1,1,1,1,1,0,0,0,0,0,0,0,0,1,1,0,0,1,0,1,1,0,1,0,1,1,1
1,0,0,1,1,0,1,1,0,0,0,0,1,1,1,0,0,1,1,0,0,1,0,1,0,0,1
1,0,0,1,0,0,0,0,1,1,0,0,1,0,1,0,1,0,1,1,0,1,1,1,0,0,0
1,1,1,1,0,1,0,1,0,0,0,0,0,0,1,0,0,1,1,0,1,0,1,0,1,0,1
1,0,0,0,1,0,0,0,0,1,0,1,1,1,0,0,1,0,0,1,0,0,1,1,1,1,0
1,0,1,1,1,0,1,0,1,0,1,0,0,1,1,1,0,0,1,0,0,1,1,0,1,0,0
1,1,0,0,1,1,0,1,0,0,1,0,1,1,1,0,0,1,1,0,0,1,0,0,0,1,0
1,0,1,0,0,1,0,1,1,0,0,0,0,1,1,1,1,1,1,0,0,1,0,1,0,0,1
1,1,1,0,1,0,1,0,0,1,0,0,0,1,0,0,0,0,0,0,1,1,0,1,1,0,1
1,1,1,1,1,1,0,0,0,0,0,0,1,0,0,0,1,0,1,1,1,0,0,0,1,0,0
1,1,1,0,0,0,1,1,1,1,1,0,1,1,1,0,1,1,0,0,0,0,0,0,0,0,1
1,0,0,0,1,1,0,0,1,1,0,1,0,0,0,1,1,0,0,0,1,0,0,1,1,0,1
1,1,1,1,1,1,1,1,1,1,1,1,1,1,1,1,1,1,1,1,1,1,1,1,1,1,1
1,0,1,0,1,1,1,0,1,1,0,0,0,1,0,0,1,0,0,1,0,1,0,1,1,1,1
1,0,0,1,0,0,1,0,0,1,0,1,0,0,0,1,1,0,1,1,1,0,1,0,0,1,0
1,1,1,0,0,0,0,0,0,1,1,0,1,1,0,0,1,0,0,0,0,0,0,0,1,1,1
1,1,0,0,1,0,0,0,0,0,0,1,0,0,1,0,1,0,1,0,0,1,0,1,1,1,1
1,1,1,0,0,1,1,0,0,0,1,0,0,0,0,1,0,1,0,1,0,1,0,0,0,1,1
1,0,0,1,0,0,0,1,1,1,1,0,0,1,1,0,0,0,1,0,1,0,0,1,0,0,1
1,1,1,0,0,1,0,0,1,0,0,0,0,1,1,0,0,1,1,1,0,0,0,0,1,1,1
1,1,0,1,1,0,0,1,1,1,1,0,1,0,0,0,1,1,0,0,1,1,1,1,0,0,0
1,0,0,0,0,0,0,1,1,1,0,1,1,1,1,0,0,1,0,0,0,0,0,1,1,1,1
1,1,1,0,1,1,0,0,0,1,0,0,1,0,0,1,1,0,0,0,0,0,1,1,1,1,1
1,0,0,1,0,0,0,1,0,0,0,1,1,0,0,1,0,1,1,1,0,0,0,0,1,0,1
1,0,1,1,1,0,0,1,1,0,1,1,0,0,1,1,0,0,0,1,1,1,0,0,0,1,1
1,0,0,0,1,0,1,0,0,1,1,1,0,1,1,0,0,1,1,0,1,1,1,0,0,0,0
1,0,0,0,1,1,1,0,1,0,1,1,1,0,0,0,0,0,1,0,1,0,0,1,1,1,1
1,1,0,0,0,1,1,0,0,1,0,1,0,1,1,0,0,0,1,1,0,1,1,1,0,0,0
1,1,1,1,0,0,1,0,0,1,1,0,1,1,0,0,0,0,1,0,1,0,1,0,0,1,0
13,0,1,0,0,1,1,0,1,1,1,0,0,0,1,1,0,0,0,1,0,0,0,0,1,0,1
13,1,0,0,1,1,0,1,1,0,1,0,0,1,0,0,1,0,0,1,1,0,1,0,1,1,0
13,0,0,1,1,1,0,0,0,1,1,1,0,1,0,1,1,1,1,0,0,0,0,1,0,1,0
13,0,1,1,0,0,1,0,0,1,0,1,0,0,1,1,0,1,1,0,1,0,0,0,0,1,1
13,1,1,0,0,0,0,0,0,1,0,1,0,0,0,1,0,0,1,0,0,1,1,1,0,1,0
13,0,1,0,1,0,0,0,0,0,1,1,1,0,1,0,1,1,0,0,0,1,0,0,0,0,1
13,1,0,0,1,0,0,0,0,1,1,1,1,0,0,0,0,0,0,0,1,0,1,0,1,1,1
13,1,1,0,0,0,1,1,1,0,1,1,0,1,0,0,0,0,0,1,1,0,0,0,1,1,0
13,0,0,0,1,1,0,1,1,1,1,0,0,1,0,1,1,1,1,0,0,0,0,1,0,0,0
13,0,1,1,0,0,1,0,0,1,0,1,0,0,0,1,0,0,0,1,1,1,1,1,0,1,0
13,1,0,1,0,0,1,0,0,1,0,0,1,0,0,0,1,1,0,1,1,1,0,1,1,0,0
13,1,0,1,0,1,0,1,1,0,0,0,0,1,0,1,0,1,1,0,1,0,0,1,0,0,0
13,0,0,1,1,0,1,1,0,0,0,1,0,1,1,1,0,1,0,1,0,1,0,1,0,0,1
13,0,1,1,1,1,0,0,0,0,0,1,1,0,1,0,0,1,0,0,1,1,1,0,1,0,1
13,1,0,0,0,0,1,0,1,1,0,1,1,1,1,0,1,0,1,0,0,0,1,1,1,0,0
13,1,1,1,0,1,1,1,0,1,1,0,0,1,0,0,0,0,0,0,0,0,0,1,1,0,0
13,0,1,0,1,1,1,1,0,0,1,1,1,0,0,1,0,0,0,1,0,0,1,1,0,1,1
13,1,1,1,1,1,0,0,0,0,0,0,1,0,0,1,0,1,1,1,1,0,1,0,1,0,1
13,1,0,0,0,1,0,1,1,1,0,0,1,1,1,1,0,0,0,1,0,1,1,1,0,1,0
13,0,0,0,1,0,0,1,1,0,0,1,0,0,0,1,0,0,0,1,1,1,0,1,1,0,1
13,1,0,0,0,1,0,0,0,1,1,1,0,0,0,0,1,1,1,0,1,0,0,1,0,0,1
13,0,0,0,0,0,0,1,1,1,0,0,0,0,1,0,0,1,1,1,1,0,0,0,1,0,0
13,1,1,1,1,0,0,0,0,0,0,0,0,1,1,0,0,1,0,1,1,0,1,0,1,1,1
13,0,0,1,1,0,1,1,0,0,0,0,1,1,1,0,0,1,1,0,0,1,0,1,0,0,1
13,0,0,1,0,0,0,0,1,1,0,0,1,0,1,0,1,0,1,1,0,1,1,1,0,0,0
13,1,1,1,0,1,0,1,0,0,0,0,0,0,1,0,0,1,1,0,1,0,1,0,1,0,1
13,0,0,0,1,0,0,0,0,1,0,1,1,1,0,0,1,0,0,1,0,0,1,1,1,1,0
13,0,1,1,1,0,1,0,1,0,1,0,0,1,1,1,0,0,1,0,0,1,1,0,1,0,0
13,1,0,0,1,1,0,1,0,0,1,0,1,1,1,0,0,1,1,0,0,1,0,0,0,1,0
13,0,1,0,0,1,0,1,1,0,0,0,0,1,1,1,1,1,1,0,0,1,0,1,0,0,1
13,1,1,0,1,0,1,0,0,1,0,0,0,1,0,0,0,0,0,0,1,1,0,1,1,0,1
13,1,1,1,1,1,0,0,0,0,0,0,1,0,0,0,1,0,1,1,1,0,0,0,1,0,0
13,1,1,0,0,0,1,1,1,1,1,0,1,1,1,0,1,1,0,0,0,0,0,0,0,0,1
13,0,0,0,1,1,0,0,1,1,0,1,0,0,0,1,1,0,0,0,1,0,0,1,1,0,1
13,1,1,1,1,1,1,1,1,1,1,1,1,1,1,1,1,1,1,1,1,1,1,1,1,1,1
13,0,1,0,1,1,1,0,1,1,0,0,0,1,0,0,1,0,0,1,0,1,0,1,1,1,1
13,0,0,1,0,0,1,0,0,1,0,1,0,0,0,1,1,0,1,1,1,0,1,0,0,1,0
13,1,1,0,0,0,0,0,0,1,1,0,1,1,0,0,1,0,0,0,0,0,0,0,1,1,1
13,1,0,0,1,0,0,0,0,0,0,1,0,0,1,0,1,0,1,0,0,1,0,1,1,1,1
13,1,1,0,0,1,1,0,0,0,1,0,0,0,0,1,0,1,0,1,0,1,0,0,0,1,1
13,0,0,1,0,0,0,1,1,1,1,0,0,1,1,0,0,0,1,0,1,0,0,1,0,0,1
13,1,1,0,0,1,0,0,1,0,0,0,0,1,1,0,0,1,1,1,0,0,0,0,1,1,1
13,1,0,1,1,0,0,1,1,1,1,0,1,0,0,0,1,1,0,0,1,1,1,1,0,0,0
13,0,0,0,0,0,0,1,1,1,0,1,1,1,1,0,0,1,0,0,0,0,0,1,1,1,1
13,1,1,0,1,1,0,0,0,1,0,0,1,0,0,1,1,0,0,0,0,0,1,1,1,1,1
13,0,0,1,0,0,0,1,0,0,0,1,1,0,0,1,0,1,1,1,0,0,0,0,1,0,1
13,0,1,1,1,0,0,1,1,0,1,1,0,0,1,1,0,0,0,1,1,1,0,0,0,1,1
13,0,0,0,1,0,1,0,0,1,1,1,0,1,1,0,0,1,1,0,1,1,1,0,0,0,0
13,0,0,0,1,1,1,0,1,0,1,1,1,0,0,0,0,0,1,0,1,0,0,1,1,1,1
13,1,0,0,0,1,1,0,0,1,0,1,0,1,1,0,0,0,1,1,0,1,1,1,0,0,0
13,1,1,1,0,0,1,0,0,1,1,0,1,1,0,0,0,0,1,0,1,0,1,0,0,1,0
16,0,1,0,0,1,1,0,1,1,1,0,0,0,1,1,0,0,0,1,0,0,0,0,1,0,1
16,1,0,0,1,1,0,1,1,0,1,0,0,1,0,0,1,0,0,1,1,0,1,0,1,1,0
16,0,0,1,1,1,0,0,0,1,1,1,0,1,0,1,1,1,1,0,0,0,0,1,0,1,0
16,0,1,1,0,0,1,0,0,1,0,1,0,0,1,1,0,1,1,0,1,0,0,0,0,1,1
16,1,1,0,0,0,0,0,0,1,0,1,0,0,0,1,0,0,1,0,0,1,1,1,0,1,0
16,0,1,0,1,0,0,0,0,0,1,1,1,0,1,0,1,1,0,0,0,1,0,0,0,0,1
16,1,0,0,1,0,0,0,0,1,1,1,1,0,0,0,0,0,0,0,1,0,1,0,1,1,1
16,1,1,0,0,0,1,1,1,0,1,1,0,1,0,0,0,0,0,1,1,0,0,0,1,1,0
16,0,0,0,1,1,0,1,1,1,1,0,0,1,0,1,1,1,1,0,0,0,0,1,0,0,0
16,0,1,1,0,0,1,0,0,1,0,1,0,0,0,1,0,0,0,1,1,1,1,1,0,1,0
16,1,0,1,0,0,1,0,0,1,0,0,1,0,0,0,1,1,0,1,1,1,0,1,1,0,0
16,1,0,1,0,1,0,1,1,0,0,0,0,1,0,1,0,1,1,0,1,0,0,1,0,0,0
16,0,0,1,1,0,1,1,0,0,0,1,0,1,1,1,0,1,0,1,0,1,0,1,0,0,1
16,0,1,1,1,1,0,0,0,0,0,1,1,0,1,0,0,1,0,0,1,1,1,0,1,0,1
16,1,0,0,0,0,1,0,1,1,0,1,1,1,1,0,1,0,1,0,0,0,1,1,1,0,0
16,1,1,1,0,1,1,1,0,1,1,0,0,1,0,0,0,0,0,0,0,0,0,1,1,0,0
16,0,1,0,1,1,1,1,0,0,1,1,1,0,0,1,0,0,0,1,0,0,1,1,0,1,1
16,1,1,1,1,1,0,0,0,0,0,0,1,0,0,1,0,1,1,1,1,0,1,0,1,0,1
16,1,0,0,0,1,0,1,1,1,0,0,1,1,1,1,0,0,0,1,0,1,1,1,0,1,0
16,0,0,0,1,0,0,1,1,0,0,1,0,0,0,1,0,0,0,1,1,1,0,1,1,0,1
16,1,0,0,0,1,0,0,0,1,1,1,0,0,0,0,1,1,1,0,1,0,0,1,0,0,1
16,0,0,0,0,0,0,1,1,1,0,0,0,0,1,0,0,1,1,1,1,0,0,0,1,0,0
16,1,1,1,1,0,0,0,0,0,0,0,0,1,1,0,0,1,0,1,1,0,1,0,1,1,1
16,0,0,1,1,0,1,1,0,0,0,0,1,1,1,0,0,1,1,0,0,1,0,1,0,0,1
16,0,0,1,0,0,0,0,1,1,0,0,1,0,1,0,1,0,1,1,0,1,1,1,0,0,0
16,1,1,1,0,1,0,1,0,0,0,0,0,0,1,0,0,1,1,0,1,0,1,0,1,0,1
16,0,0,0,1,0,0,0,0,1,0,1,1,1,0,0,1,0,0,1,0,0,1,1,1,1,0
16,0,1,1,1,0,1,0,1,0,1,0,0,1,1,1,0,0,1,0,0,1,1,0,1,0,0
16,1,0,0,1,1,0,1,0,0,1,0,1,1,1,0,0,1,1,0,0,1,0,0,0,1,0
16,0,1,0,0,1,0,1,1,0,0,0,0,1,1,1,1,1,1,0,0,1,0,1,0,0,1
16,1,1,0,1,0,1,0,0,1,0,0,0,1,0,0,0,0,0,0,1,1,0,1,1,0,1
16,1,1,1,1,1,0,0,0,0,0,0,1,0,0,0,1,0,1,1,1,0,0,0,1,0,0
16,1,1,0,0,0,1,1,1,1,1,0,1,1,1,0,1,1,0,0,0,0,0,0,0,0,1
16,0,0,0,1,1,0,0,1,1,0,1,0,0,0,1,1,0,0,0,1,0,0,1,1,0,1
16,1,1,1,1,1,1,1,1,1,1,1,1,1,1,1,1,1,1,1,1,1,1,1,1,1,1
16,0,1,0,1,1,1,0,1,1,0,0,0,1,0,0,1,0,0,1,0,1,0,1,1,1,1
16,0,0,1,0,0,1,0,0,1,0,1,0,0,0,1,1,0,1,1,1,0,1,0,0,1,0
16,1,1,0,0,0,0,0,0,1,1,0,1,1,0,0,1,0,0,0,0,0,0,0,1,1,1
16,1,0,0,1,0,0,0,0,0,0,1,0,0,1,0,1,0,1,0,0,1,0,1,1,1,1
16,1,1,0,0,1,1,0,0,0,1,0,0,0,0,1,0,1,0,1,0,1,0,0,0,1,1
16,0,0,1,0,0,0,1,1,1,1,0,0,1,1,0,0,0,1,0,1,0,0,1,0,0,1
16,1,1,0,0,1,0,0,1,0,0,0,0,1,1,0,0,1,1,1,0,0,0,0,1,1,1
16,1,0,1,1,0,0,1,1,1,1,0,1,0,0,0,1,1,0,0,1,1,1,1,0,0,0
16,0,0,0,0,0,0,1,1,1,0,1,1,1,1,0,0,1,0,0,0,0,0,1,1,1,1
16,1,1,0,1,1,0,0,0,1,0,0,1,0,0,1,1,0,0,0,0,0,1,1,1,1,1
16,0,0,1,0,0,0,1,0,0,0,1,1,0,0,1,0,1,1,1,0,0,0,0,1,0,1
16,0,1,1,1,0,0,1,1,0,1,1,0,0,1,1,0,0,0,1,1,1,0,0,0,1,1
16,0,0,0,1,0,1,0,0,1,1,1,0,1,1,0,0,1,1,0,1,1,1,0,0,0,0
16,0,0,0,1,1,1,0,1,0,1,1,1,0,0,0,0,0,1,0,1,0,0,1,1,1,1
16,1,0,0,0,1,1,0,0,1,0,1,0,1,1,0,0,0,1,1,0,1,1,1,0,0,0
16,1,1,1,0,0,1,0,0,1,1,0,1,1,0,0,0,0,1,0,1,0,1,0,0,1,0
25,0,1,0,0,1,1,0,1,1,1,0,0,0,1,1,0,0,0,1,0,0,0,0,1,0,1
25,1,0,0,1,1,0,1,1,0,1,0,0,1,0,0,1,0,0,1,1,0,1,0,1,1,0
25,0,0,1,1,1,0,0,0,1,1,1,0,1,0,1,1,1,1,0,0,0,0,1,0,1,0
25,0,1,1,0,0,1,0,0,1,0,1,0,0,1,1,0,1,1,0,1,0,0,0,0,1,1
25,1,1,0,0,0,0,0,0,1,0,1,0,0,0,1,0,0,1,0,0,1,1,1,0,1,0
25,0,1,0,1,0,0,0,0,0,1,1,1,0,1,0,1,1,0,0,0,1,0,0,0,0,1
25,1,0,0,1,0,0,0,0,1,1,1,1,0,0,0,0,0,0,0,1,0,1,0,1,1,1
25,1,1,0,0,0,1,1,1,0,1,1,0,1,0,0,0,0,0,1,1,0,0,0,1,1,0
25,0,0,0,1,1,0,1,1,1,1,0,0,1,0,1,1,1,1,0,0,0,0,1,0,0,0
25,0,1,1,0,0,1,0,0,1,0,1,0,0,0,1,0,0,0,1,1,1,1,1,0,1,0
25,1,0,1,0,0,1,0,0,1,0,0,1,0,0,0,1,1,0,1,1,1,0,1,1,0,0
25,1,0,1,0,1,0,1,1,0,0,0,0,1,0,1,0,1,1,0,1,0,0,1,0,0,0
25,0,0,1,1,0,1,1,0,0,0,1,0,1,1,1,0,1,0,1,0,1,0,1,0,0,1
25,0,1,1,1,1,0,0,0,0,0,1,1,0,1,0,0,1,0,0,1,1,1,0,1,0,1
25,1,0,0,0,0,1,0,1,1,0,1,1,1,1,0,1,0,1,0,0,0,1,1,1,0,0
25,1,1,1,0,1,1,1,0,1,1,0,0,1,0,0,0,0,0,0,0,0,0,1,1,0,0
25,0,1,0,1,1,1,1,0,0,1,1,1,0,0,1,0,0,0,1,0,0,1,1,0,1,1
25,1,1,1,1,1,0,0,0,0,0,0,1,0,0,1,0,1,1,1,1,0,1,0,1,0,1
25,1,0,0,0,1,0,1,1,1,0,0,1,1,1,1,0,0,0,1,0,1,1,1,0,1,0
25,0,0,0,1,0,0,1,1,0,0,1,0,0,0,1,0,0,0,1,1,1,0,1,1,0,1
25,1,0,0,0,1,0,0,0,1,1,1,0,0,0,0,1,1,1,0,1,0,0,1,0,0,1
25,0,0,0,0,0,0,1,1,1,0,0,0,0,1,0,0,1,1,1,1,0,0,0,1,0,0
25,1,1,1,1,0,0,0,0,0,0,0,0,1,1,0,0,1,0,1,1,0,1,0,1,1,1
25,0,0,1,1,0,1,1,0,0,0,0,1,1,1,0,0,1,1,0,0,1,0,1,0,0,1
25,0,0,1,0,0,0,0,1,1,0,0,1,0,1,0,1,0,1,1,0,1,1,1,0,0,0
25,1,1,1,0,1,0,1,0,0,0,0,0,0,1,0,0,1,1,0,1,0,1,0,1,0,1
25,0,0,0,1,0,0,0,0,1,0,1,1,1,0,0,1,0,0,1,0,0,1,1,1,1,0
25,0,1,1,1,0,1,0,1,0,1,0,0,1,1,1,0,0,1,0,0,1,1,0,1,0,0
25,1,0,0,1,1,0,1,0,0,1,0,1,1,1,0,0,1,1,0,0,1,0,0,0,1,0
25,0,1,0,0,1,0,1,1,0,0,0,0,1,1,1,1,1,1,0,0,1,0,1,0,0,1
25,1,1,0,1,0,1,0,0,1,0,0,0,1,0,0,0,0,0,0,1,1,0,1,1,0,1
25,1,1,1,1,1,0,0,0,0,0,0,1,0,0,0,1,0,1,1,1,0,0,0,1,0,0
25,1,1,0,0,0,1,1,1,1,1,0,1,1,1,0,1,1,0,0,0,0,0,0,0,0,1
25,0,0,0,1,1,0,0,1,1,0,1,0,0,0,1,1,0,0,0,1,0,0,1,1,0,1
25,1,1,1,1,1,1,1,1,1,1,1,1,1,1,1,1,1,1,1,1,1,1,1,1,1,1
25,0,1,0,1,1,1,0,1,1,0,0,0,1,0,0,1,0,0,1,0,1,0,1,1,1,1
25,0,0,1,0,0,1,0,0,1,0,1,0,0,0,1,1,0,1,1,1,0,1,0,0,1,0
25,1,1,0,0,0,0,0,0,1,1,0,1,1,0,0,1,0,0,0,0,0,0,0,1,1,1
25,1,0,0,1,0,0,0,0,0,0,1,0,0,1,0,1,0,1,0,0,1,0,1,1,1,1
25,1,1,0,0,1,1,0,0,0,1,0,0,0,0,1,0,1,0,1,0,1,0,0,0,1,1
25,0,0,1,0,0,0,1,1,1,1,0,0,1,1,0,0,0,1,0,1,0,0,1,0,0,1
25,1,1,0,0,1,0,0,1,0,0,0,0,1,1,0,0,1,1,1,0,0,0,0,1,1,1
25,1,0,1,1,0,0,1,1,1,1,0,1,0,0,0,1,1,0,0,1,1,1,1,0,0,0
25,0,0,0,0,0,0,1,1,1,0,1,1,1,1,0,0,1,0,0,0,0,0,1,1,1,1
25,1,1,0,1,1,0,0,0,1,0,0,1,0,0,1,1,0,0,0,0,0,1,1,1,1,1
25,0,0,1,0,0,0,1,0,0,0,1,1,0,0,1,0,1,1,1,0,0,0,0,1,0,1
25,0,1,1,1,0,0,1,1,0,1,1,0,0,1,1,0,0,0,1,1,1,0,0,0,1,1
25,0,0,0,1,0,1,0,0,1,1,1,0,1,1,0,0,1,1,0,1,1,1,0,0,0,0
25,0,0,0,1,1,1,0,1,0,1,1,1,0,0,0,0,0,1,0,1,0,0,1,1,1,1
25,1,0,0,0,1,1,0,0,1,0,1,0,1,1,0,0,0,1,1,0,1,1,1,0,0,0
25,1,1,1,0,0,1,0,0,1,1,0,1,1,0,0,0,0,1,0,1,0,1,0,0,1,0
6,0,1,0,0,1,1,0,1,1,1,0,0,0,1,1,0,0,0,1,0,0,0,0,1,0,1
6,1,0,0,1,1,0,1,1,0,1,0,0,1,0,0,1,0,0,1,1,0,1,0,1,1,0
6,0,0,1,1,1,0,0,0,1,1,1,0,1,0,1,1,1,1,0,0,0,0,1,0,1,0
6,0,1,1,0,0,1,0,0,1,0,1,0,0,1,1,0,1,1,0,1,0,0,0,0,1,1
6,1,1,0,0,0,0,0,0,1,0,1,0,0,0,1,0,0,1,0,0,1,1,1,0,1,0
6,0,1,0,1,0,0,0,0,0,1,1,1,0,1,0,1,1,0,0,0,1,0,0,0,0,1
6,1,0,0,1,0,0,0,0,1,1,1,1,0,0,0,0,0,0,0,1,0,1,0,1,1,1
6,1,1,0,0,0,1,1,1,0,1,1,0,1,0,0,0,0,0,1,1,0,0,0,1,1,0
6,0,0,0,1,1,0,1,1,1,1,0,0,1,0,1,1,1,1,0,0,0,0,1,0,0,0
6,0,1,1,0,0,1,0,0,1,0,1,0,0,0,1,0,0,0,1,1,1,1,1,0,1,0
6,1,0,1,0,0,1,0,0,1,0,0,1,0,0,0,1,1,0,1,1,1,0,1,1,0,0
6,1,0,1,0,1,0,1,1,0,0,0,0,1,0,1,0,1,1,0,1,0,0,1,0,0,0
6,0,0,1,1,0,1,1,0,0,0,1,0,1,1,1,0,1,0,1,0,1,0,1,0,0,1
6,0,1,1,1,1,0,0,0,0,0,1,1,0,1,0,0,1,0,0,1,1,1,0,1,0,1
6,1,0,0,0,0,1,0,1,1,0,1,1,1,1,0,1,0,1,0,0,0,1,1,1,0,0
6,1,1,1,0,1,1,1,0,1,1,0,0,1,0,0,0,0,0,0,0,0,0,1,1,0,0
6,0,1,0,1,1,1,1,0,0,1,1,1,0,0,1,0,0,0,1,0,0,1,1,0,1,1
6,1,1,1,1,1,0,0,0,0,0,0,1,0,0,1,0,1,1,1,1,0,1,0,1,0,1
6,1,0,0,0,1,0,1,1,1,0,0,1,1,1,1,0,0,0,1,0,1,1,1,0,1,0
6,0,0,0,1,0,0,1,1,0,0,1,0,0,0,1,0,0,0,1,1,1,0,1,1,0,1
6,1,0,0,0,1,0,0,0,1,1,1,0,0,0,0,1,1,1,0,1,0,0,1,0,0,1
6,0,0,0,0,0,0,1,1,1,0,0,0,0,1,0,0,1,1,1,1,0,0,0,1,0,0
6,1,1,1,1,0,0,0,0,0,0,0,0,1,1,0,0,1,0,1,1,0,1,0,1,1,1
6,0,0,1,1,0,1,1,0,0,0,0,1,1,1,0,0,1,1,0,0,1,0,1,0,0,1
6,0,0,1,0,0,0,0,1,1,0,0,1,0,1,0,1,0,1,1,0,1,1,1,0,0,0
6,1,1,1,0,1,0,1,0,0,0,0,0,0,1,0,0,1,1,0,1,0,1,0,1,0,1
6,0,0,0,1,0,0,0,0,1,0,1,1,1,0,0,1,0,0,1,0,0,1,1,1,1,0
6,0,1,1,1,0,1,0,1,0,1,0,0,1,1,1,0,0,1,0,0,1,1,0,1,0,0
6,1,0,0,1,1,0,1,0,0,1,0,1,1,1,0,0,1,1,0,0,1,0,0,0,1,0
6,0,1,0,0,1,0,1,1,0,0,0,0,1,1,1,1,1,1,0,0,1,0,1,0,0,1
6,1,1,0,1,0,1,0,0,1,0,0,0,1,0,0,0,0,0,0,1,1,0,1,1,0,1
6,1,1,1,1,1,0,0,0,0,0,0,1,0,0,0,1,0,1,1,1,0,0,0,1,0,0
6,1,1,0,0,0,1,1,1,1,1,0,1,1,1,0,1,1,0,0,0,0,0,0,0,0,1
6,0,0,0,1,1,0,0,1,1,0,1,0,0,0,1,1,0,0,0,1,0,0,1,1,0,1
6,1,1,1,1,1,1,1,1,1,1,1,1,1,1,1,1,1,1,1,1,1,1,1,1,1,1
6,0,1,0,1,1,1,0,1,1,0,0,0,1,0,0,1,0,0,1,0,1,0,1,1,1,1
6,0,0,1,0,0,1,0,0,1,0,1,0,0,0,1,1,0,1,1,1,0,1,0,0,1,0
6,1,1,0,0,0,0,0,0,1,1,0,1,1,0,0,1,0,0,0,0,0,0,0,1,1,1
6,1,0,0,1,0,0,0,0,0,0,1,0,0,1,0,1,0,1,0,0,1,0,1,1,1,1
6,1,1,0,0,1,1,0,0,0,1,0,0,0,0,1,0,1,0,1,0,1,0,0,0,1,1
6,0,0,1,0,0,0,1,1,1,1,0,0,1,1,0,0,0,1,0,1,0,0,1,0,0,1
6,1,1,0,0,1,0,0,1,0,0,0,0,1,1,0,0,1,1,1,0,0,0,0,1,1,1
6,1,0,1,1,0,0,1,1,1,1,0,1,0,0,0,1,1,0,0,1,1,1,1,0,0,0
6,0,0,0,0,0,0,1,1,1,0,1,1,1,1,0,0,1,0,0,0,0,0,1,1,1,1
6,1,1,0,1,1,0,0,0,1,0,0,1,0,0,1,1,0,0,0,0,0,1,1,1,1,1
6,0,0,1,0,0,0,1,0,0,0,1,1,0,0,1,0,1,1,1,0,0,0,0,1,0,1
6,0,1,1,1,0,0,1,1,0,1,1,0,0,1,1,0,0,0,1,1,1,0,0,0,1,1
6,0,0,0,1,0,1,0,0,1,1,1,0,1,1,0,0,1,1,0,1,1,1,0,0,0,0
6,0,0,0,1,1,1,0,1,0,1,1,1,0,0,0,0,0,1,0,1,0,0,1,1,1,1
6,1,0,0,0,1,1,0,0,1,0,1,0,1,1,0,0,0,1,1,0,1,1,1,0,0,0
6,1,1,1,0,0,1,0,0,1,1,0,1,1,0,0,0,0,1,0,1,0,1,0,0,1,0
15,0,1,0,0,1,1,0,1,1,1,0,0,0,1,1,0,0,0,1,0,0,0,0,1,0,1
15,1,0,0,1,1,0,1,1,0,1,0,0,1,0,0,1,0,0,1,1,0,1,0,1,1,0
15,0,0,1,1,1,0,0,0,1,1,1,0,1,0,1,1,1,1,0,0,0,0,1,0,1,0
15,0,1,1,0,0,1,0,0,1,0,1,0,0,1,1,0,1,1,0,1,0,0,0,0,1,1
15,1,1,0,0,0,0,0,0,1,0,1,0,0,0,1,0,0,1,0,0,1,1,1,0,1,0
15,0,1,0,1,0,0,0,0,0,1,1,1,0,1,0,1,1,0,0,0,1,0,0,0,0,1
15,1,0,0,1,0,0,0,0,1,1,1,1,0,0,0,0,0,0,0,1,0,1,0,1,1,1
15,1,1,0,0,0,1,1,1,0,1,1,0,1,0,0,0,0,0,1,1,0,0,0,1,1,0
15,0,0,0,1,1,0,1,1,1,1,0,0,1,0,1,1,1,1,0,0,0,0,1,0,0,0
15,0,1,1,0,0,1,0,0,1,0,1,0,0,0,1,0,0,0,1,1,1,1,1,0,1,0
15,1,0,1,0,0,1,0,0,1,0,0,1,0,0,0,1,1,0,1,1,1,0,1,1,0,0
15,1,0,1,0,1,0,1,1,0,0,0,0,1,0,1,0,1,1,0,1,0,0,1,0,0,0
15,0,0,1,1,0,1,1,0,0,0,1,0,1,1,1,0,1,0,1,0,1,0,1,0,0,1
15,0,1,1,1,1,0,0,0,0,0,1,1,0,1,0,0,1,0,0,1,1,1,0,1,0,1
15,1,0,0,0,0,1,0,1,1,0,1,1,1,1,0,1,0,1,0,0,0,1,1,1,0,0
15,1,1,1,0,1,1,1,0,1,1,0,0,1,0,0,0,0,0,0,0,0,0,1,1,0,0
15,0,1,0,1,1,1,1,0,0,1,1,1,0,0,1,0,0,0,1,0,0,1,1,0,1,1
15,1,1,1,1,1,0,0,0,0,0,0,1,0,0,1,0,1,1,1,1,0,1,0,1,0,1
15,1,0,0,0,1,0,1,1,1,0,0,1,1,1,1,0,0,0,1,0,1,1,1,0,1,0
15,0,0,0,1,0,0,1,1,0,0,1,0,0,0,1,0,0,0,1,1,1,0,1,1,0,1
15,1,0,0,0,1,0,0,0,1,1,1,0,0,0,0,1,1,1,0,1,0,0,1,0,0,1
15,0,0,0,0,0,0,1,1,1,0,0,0,0,1,0,0,1,1,1,1,0,0,0,1,0,0
15,1,1,1,1,0,0,0,0,0,0,0,0,1,1,0,0,1,0,1,1,0,1,0,1,1,1
15,0,0,1,1,0,1,1,0,0,0,0,1,1,1,0,0,1,1,0,0,1,0,1,0,0,1
15,0,0,1,0,0,0,0,1,1,0,0,1,0,1,0,1,0,1,1,0,1,1,1,0,0,0
15,1,1,1,0,1,0,1,0,0,0,0,0,0,1,0,0,1,1,0,1,0,1,0,1,0,1
15,0,0,0,1,0,0,0,0,1,0,1,1,1,0,0,1,0,0,1,0,0,1,1,1,1,0
15,0,1,1,1,0,1,0,1,0,1,0,0,1,1,1,0,0,1,0,0,1,1,0,1,0,0
15,1,0,0,1,1,0,1,0,0,1,0,1,1,1,0,0,1,1,0,0,1,0,0,0,1,0
15,0,1,0,0,1,0,1,1,0,0,0,0,1,1,1,1,1,1,0,0,1,0,1,0,0,1
15,1,1,0,1,0,1,0,0,1,0,0,0,1,0,0,0,0,0,0,1,1,0,1,1,0,1
15,1,1,1,1,1,0,0,0,0,0,0,1,0,0,0,1,0,1,1,1,0,0,0,1,0,0
15,1,1,0,0,0,1,1,1,1,1,0,1,1,1,0,1,1,0,0,0,0,0,0,0,0,1
15,0,0,0,1,1,0,0,1,1,0,1,0,0,0,1,1,0,0,0,1,0,0,1,1,0,1
15,1,1,1,1,1,1,1,1,1,1,1,1,1,1,1,1,1,1,1,1,1,1,1,1,1,1
15,0,1,0,1,1,1,0,1,1,0,0,0,1,0,0,1,0,0,1,0,1,0,1,1,1,1
15,0,0,1,0,0,1,0,0,1,0,1,0,0,0,1,1,0,1,1,1,0,1,0,0,1,0
15,1,1,0,0,0,0,0,0,1,1,0,1,1,0,0,1,0,0,0,0,0,0,0,1,1,1
15,1,0,0,1,0,0,0,0,0,0,1,0,0,1,0,1,0,1,0,0,1,0,1,1,1,1
15,1,1,0,0,1,1,0,0,0,1,0,0,0,0,1,0,1,0,1,0,1,0,0,0,1,1
15,0,0,1,0,0,0,1,1,1,1,0,0,1,1,0,0,0,1,0,1,0,0,1,0,0,1
15,1,1,0,0,1,0,0,1,0,0,0,0,1,1,0,0,1,1,1,0,0,0,0,1,1,1
15,1,0,1,1,0,0,1,1,1,1,0,1,0,0,0,1,1,0,0,1,1,1,1,0,0,0
15,0,0,0,0,0,0,1,1,1,0,1,1,1,1,0,0,1,0,0,0,0,0,1,1,1,1
15,1,1,0,1,1,0,0,0,1,0,0,1,0,0,1,1,0,0,0,0,0,1,1,1,1,1
15,0,0,1,0,0,0,1,0,0,0,1,1,0,0,1,0,1,1,1,0,0,0,0,1,0,1
15,0,1,1,1,0,0,1,1,0,1,1,0,0,1,1,0,0,0,1,1,1,0,0,0,1,1
15,0,0,0,1,0,1,0,0,1,1,1,0,1,1,0,0,1,1,0,1,1,1,0,0,0,0
15,0,0,0,1,1,1,0,1,0,1,1,1,0,0,0,0,0,1,0,1,0,0,1,1,1,1
15,1,0,0,0,1,1,0,0,1,0,1,0,1,1,0,0,0,1,1,0,1,1,1,0,0,0
15,1,1,1,0,0,1,0,0,1,1,0,1,1,0,0,0,0,1,0,1,0,1,0,0,1,0
11,0,1,0,0,1,1,0,1,1,1,0,0,0,1,1,0,0,0,1,0,0,0,0,1,0,1
11,1,0,0,1,1,0,1,1,0,1,0,0,1,0,0,1,0,0,1,1,0,1,0,1,1,0
11,0,0,1,1,1,0,0,0,1,1,1,0,1,0,1,1,1,1,0,0,0,0,1,0,1,0
11,0,1,1,0,0,1,0,0,1,0,1,0,0,1,1,0,1,1,0,1,0,0,0,0,1,1
11,1,1,0,0,0,0,0,0,1,0,1,0,0,0,1,0,0,1,0,0,1,1,1,0,1,0
11,0,1,0,1,0,0,0,0,0,1,1,1,0,1,0,1,1,0,0,0,1,0,0,0,0,1
11,1,0,0,1,0,0,0,0,1,1,1,1,0,0,0,0,0,0,0,1,0,1,0,1,1,1
11,1,1,0,0,0,1,1,1,0,1,1,0,1,0,0,0,0,0,1,1,0,0,0,1,1,0
11,0,0,0,1,1,0,1,1,1,1,0,0,1,0,1,1,1,1,0,0,0,0,1,0,0,0
11,0,1,1,0,0,1,0,0,1,0,1,0,0,0,1,0,0,0,1,1,1,1,1,0,1,0
11,1,0,1,0,0,1,0,0,1,0,0,1,0,0,0,1,1,0,1,1,1,0,1,1,0,0
11,1,0,1,0,1,0,1,1,0,0,0,0,1,0,1,0,1,1,0,1,0,0,1,0,0,0
11,0,0,1,1,0,1,1,0,0,0,1,0,1,1,1,0,1,0,1,0,1,0,1,0,0,1
11,0,1,1,1,1,0,0,0,0,0,1,1,0,1,0,0,1,0,0,1,1,1,0,1,0,1
11,1,0,0,0,0,1,0,1,1,0,1,1,1,1,0,1,0,1,0,0,0,1,1,1,0,0
11,1,1,1,0,1,1,1,0,1,1,0,0,1,0,0,0,0,0,0,0,0,0,1,1,0,0
11,0,1,0,1,1,1,1,0,0,1,1,1,0,0,1,0,0,0,1,0,0,1,1,0,1,1
11,1,1,1,1,1,0,0,0,0,0,0,1,0,0,1,0,1,1,1,1,0,1,0,1,0,1
11,1,0,0,0,1,0,1,1,1,0,0,1,1,1,1,0,0,0,1,0,1,1,1,0,1,0
11,0,0,0,1,0,0,1,1,0,0,1,0,0,0,1,0,0,0,1,1,1,0,1,1,0,1
11,1,0,0,0,1,0,0,0,1,1,1,0,0,0,0,1,1,1,0,1,0,0,1,0,0,1
11,0,0,0,0,0,0,1,1,1,0,0,0,0,1,0,0,1,1,1,1,0,0,0,1,0,0
11,1,1,1,1,0,0,0,0,0,0,0,0,1,1,0,0,1,0,1,1,0,1,0,1,1,1
11,0,0,1,1,0,1,1,0,0,0,0,1,1,1,0,0,1,1,0,0,1,0,1,0,0,1
11,0,0,1,0,0,0,0,1,1,0,0,1,0,1,0,1,0,1,1,0,1,1,1,0,0,0
11,1,1,1,0,1,0,1,0,0,0,0,0,0,1,0,0,1,1,0,1,0,1,0,1,0,1
11,0,0,0,1,0,0,0,0,1,0,1,1,1,0,0,1,0,0,1,0,0,1,1,1,1,0
11,0,1,1,1,0,1,0,1,0,1,0,0,1,1,1,0,0,1,0,0,1,1,0,1,0,0
11,1,0,0,1,1,0,1,0,0,1,0,1,1,1,0,0,1,1,0,0,1,0,0,0,1,0
11,0,1,0,0,1,0,1,1,0,0,0,0,1,1,1,1,1,1,0,0,1,0,1,0,0,1
11,1,1,0,1,0,1,0,0,1,0,0,0,1,0,0,0,0,0,0,1,1,0,1,1,0,1
11,1,1,1,1,1,0,0,0,0,0,0,1,0,0,0,1,0,1,1,1,0,0,0,1,0,0
11,1,1,0,0,0,1,1,1,1,1,0,1,1,1,0,1,1,0,0,0,0,0,0,0,0,1
11,0,0,0,1,1,0,0,1,1,0,1,0,0,0,1,1,0,0,0,1,0,0,1,1,0,1
11,1,1,1,1,1,1,1,1,1,1,1,1,1,1,1,1,1,1,1,1,1,1,1,1,1,1
11,0,1,0,1,1,1,0,1,1,0,0,0,1,0,0,1,0,0,1,0,1,0,1,1,1,1
11,0,0,1,0,0,1,0,0,1,0,1,0,0,0,1,1,0,1,1,1,0,1,0,0,1,0
11,1,1,0,0,0,0,0,0,1,1,0,1,1,0,0,1,0,0,0,0,0,0,0,1,1,1
11,1,0,0,1,0,0,0,0,0,0,1,0,0,1,0,1,0,1,0,0,1,0,1,1,1,1
11,1,1,0,0,1,1,0,0,0,1,0,0,0,0,1,0,1,0,1,0,1,0,0,0,1,1
11,0,0,1,0,0,0,1,1,1,1,0,0,1,1,0,0,0,1,0,1,0,0,1,0,0,1
11,1,1,0,0,1,0,0,1,0,0,0,0,1,1,0,0,1,1,1,0,0,0,0,1,1,1
11,1,0,1,1,0,0,1,1,1,1,0,1,0,0,0,1,1,0,0,1,1,1,1,0,0,0
11,0,0,0,0,0,0,1,1,1,0,1,1,1,1,0,0,1,0,0,0,0,0,1,1,1,1
11,1,1,0,1,1,0,0,0,1,0,0,1,0,0,1,1,0,0,0,0,0,1,1,1,1,1
11,0,0,1,0,0,0,1,0,0,0,1,1,0,0,1,0,1,1,1,0,0,0,0,1,0,1
11,0,1,1,1,0,0,1,1,0,1,1,0,0,1,1,0,0,0,1,1,1,0,0,0,1,1
11,0,0,0,1,0,1,0,0,1,1,1,0,1,1,0,0,1,1,0,1,1,1,0,0,0,0
11,0,0,0,1,1,1,0,1,0,1,1,1,0,0,0,0,0,1,0,1,0,0,1,1,1,1
11,1,0,0,0,1,1,0,0,1,0,1,0,1,1,0,0,0,1,1,0,1,1,1,0,0,0
11,1,1,1,0,0,1,0,0,1,1,0,1,1,0,0,0,0,1,0,1,0,1,0,0,1,0
4,0,1,0,0,1,1,0,1,1,1,0,0,0,1,1,0,0,0,1,0,0,0,0,1,0,1
4,1,0,0,1,1,0,1,1,0,1,0,0,1,0,0,1,0,0,1,1,0,1,0,1,1,0
4,0,0,1,1,1,0,0,0,1,1,1,0,1,0,1,1,1,1,0,0,0,0,1,0,1,0
4,0,1,1,0,0,1,0,0,1,0,1,0,0,1,1,0,1,1,0,1,0,0,0,0,1,1
4,1,1,0,0,0,0,0,0,1,0,1,0,0,0,1,0,0,1,0,0,1,1,1,0,1,0
4,0,1,0,1,0,0,0,0,0,1,1,1,0,1,0,1,1,0,0,0,1,0,0,0,0,1
4,1,0,0,1,0,0,0,0,1,1,1,1,0,0,0,0,0,0,0,1,0,1,0,1,1,1
4,1,1,0,0,0,1,1,1,0,1,1,0,1,0,0,0,0,0,1,1,0,0,0,1,1,0
4,0,0,0,1,1,0,1,1,1,1,0,0,1,0,1,1,1,1,0,0,0,0,1,0,0,0
4,0,1,1,0,0,1,0,0,1,0,1,0,0,0,1,0,0,0,1,1,1,1,1,0,1,0
4,1,0,1,0,0,1,0,0,1,0,0,1,0,0,0,1,1,0,1,1,1,0,1,1,0,0
4,1,0,1,0,1,0,1,1,0,0,0,0,1,0,1,0,1,1,0,1,0,0,1,0,0,0
4,0,0,1,1,0,1,1,0,0,0,1,0,1,1,1,0,1,0,1,0,1,0,1,0,0,1
4,0,1,1,1,1,0,0,0,0,0,1,1,0,1,0,0,1,0,0,1,1,1,0,1,0,1
4,1,0,0,0,0,1,0,1,1,0,1,1,1,1,0,1,0,1,0,0,0,1,1,1,0,0
4,1,1,1,0,1,1,1,0,1,1,0,0,1,0,0,0,0,0,0,0,0,0,1,1,0,0
4,0,1,0,1,1,1,1,0,0,1,1,1,0,0,1,0,0,0,1,0,0,1,1,0,1,1
4,1,1,1,1,1,0,0,0,0,0,0,1,0,0,1,0,1,1,1,1,0,1,0,1,0,1
4,1,0,0,0,1,0,1,1,1,0,0,1,1,1,1,0,0,0,1,0,1,1,1,0,1,0
4,0,0,0,1,0,0,1,1,0,0,1,0,0,0,1,0,0,0,1,1,1,0,1,1,0,1
4,1,0,0,0,1,0,0,0,1,1,1,0,0,0,0,1,1,1,0,1,0,0,1,0,0,1
4,0,0,0,0,0,0,1,1,1,0,0,0,0,1,0,0,1,1,1,1,0,0,0,1,0,0
4,1,1,1,1,0,0,0,0,0,0,0,0,1,1,0,0,1,0,1,1,0,1,0,1,1,1
4,0,0,1,1,0,1,1,0,0,0,0,1,1,1,0,0,1,1,0,0,1,0,1,0,0,1
4,0,0,1,0,0,0,0,1,1,0,0,1,0,1,0,1,0,1,1,0,1,1,1,0,0,0
4,1,1,1,0,1,0,1,0,0,0,0,0,0,1,0,0,1,1,0,1,0,1,0,1,0,1
4,0,0,0,1,0,0,0,0,1,0,1,1,1,0,0,1,0,0,1,0,0,1,1,1,1,0
4,0,1,1,1,0,1,0,1,0,1,0,0,1,1,1,0,0,1,0,0,1,1,0,1,0,0
4,1,0,0,1,1,0,1,0,0,1,0,1,1,1,0,0,1,1,0,0,1,0,0,0,1,0
4,0,1,0,0,1,0,1,1,0,0,0,0,1,1,1,1,1,1,0,0,1,0,1,0,0,1
4,1,1,0,1,0,1,0,0,1,0,0,0,1,0,0,0,0,0,0,1,1,0,1,1,0,1
4,1,1,1,1,1,0,0,0,0,0,0,1,0,0,0,1,0,1,1,1,0,0,0,1,0,0
4,1,1,0,0,0,1,1,1,1,1,0,1,1,1,0,1,1,0,0,0,0,0,0,0,0,1
4,0,0,0,1,1,0,0,1,1,0,1,0,0,0,1,1,0,0,0,1,0,0,1,1,0,1
4,1,1,1,1,1,1,1,1,1,1,1,1,1,1,1,1,1,1,1,1,1,1,1,1,1,1
4,0,1,0,1,1,1,0,1,1,0,0,0,1,0,0,1,0,0,1,0,1,0,1,1,1,1
4,0,0,1,0,0,1,0,0,1,0,1,0,0,0,1,1,0,1,1,1,0,1,0,0,1,0
4,1,1,0,0,0,0,0,0,1,1,0,1,1,0,0,1,0,0,0,0,0,0,0,1,1,1
4,1,0,0,1,0,0,0,0,0,0,1,0,0,1,0,1,0,1,0,0,1,0,1,1,1,1
4,1,1,0,0,1,1,0,0,0,1,0,0,0,0,1,0,1,0,1,0,1,0,0,0,1,1
4,0,0,1,0,0,0,1,1,1,1,0,0,1,1,0,0,0,1,0,1,0,0,1,0,0,1
4,1,1,0,0,1,0,0,1,0,0,0,0,1,1,0,0,1,1,1,0,0,0,0,1,1,1
4,1,0,1,1,0,0,1,1,1,1,0,1,0,0,0,1,1,0,0,1,1,1,1,0,0,0
4,0,0,0,0,0,0,1,1,1,0,1,1,1,1,0,0,1,0,0,0,0,0,1,1,1,1
4,1,1,0,1,1,0,0,0,1,0,0,1,0,0,1,1,0,0,0,0,0,1,1,1,1,1
4,0,0,1,0,0,0,1,0,0,0,1,1,0,0,1,0,1,1,1,0,0,0,0,1,0,1
4,0,1,1,1,0,0,1,1,0,1,1,0,0,1,1,0,0,0,1,1,1,0,0,0,1,1
4,0,0,0,1,0,1,0,0,1,1,1,0,1,1,0,0,1,1,0,1,1,1,0,0,0,0
4,0,0,0,1,1,1,0,1,0,1,1,1,0,0,0,0,0,1,0,1,0,0,1,1,1,1
4,1,0,0,0,1,1,0,0,1,0,1,0,1,1,0,0,0,1,1,0,1,1,1,0,0,0
4,1,1,1,0,0,1,0,0,1,1,0,1,1,0,0,0,0,1,0,1,0,1,0,0,1,0
29,0,1,0,0,1,1,0,1,1,1,0,0,0,1,1,0,0,0,1,0,0,0,0,1,0,1
29,1,0,0,1,1,0,1,1,0,1,0,0,1,0,0,1,0,0,1,1,0,1,0,1,1,0
29,0,0,1,1,1,0,0,0,1,1,1,0,1,0,1,1,1,1,0,0,0,0,1,0,1,0
29,0,1,1,0,0,1,0,0,1,0,1,0,0,1,1,0,1,1,0,1,0,0,0,0,1,1
29,1,1,0,0,0,0,0,0,1,0,1,0,0,0,1,0,0,1,0,0,1,1,1,0,1,0
29,0,1,0,1,0,0,0,0,0,1,1,1,0,1,0,1,1,0,0,0,1,0,0,0,0,1
29,1,0,0,1,0,0,0,0,1,1,1,1,0,0,0,0,0,0,0,1,0,1,0,1,1,1
29,1,1,0,0,0,1,1,1,0,1,1,0,1,0,0,0,0,0,1,1,0,0,0,1,1,0
29,0,0,0,1,1,0,1,1,1,1,0,0,1,0,1,1,1,1,0,0,0,0,1,0,0,0
29,0,1,1,0,0,1,0,0,1,0,1,0,0,0,1,0,0,0,1,1,1,1,1,0,1,0
29,1,0,1,0,0,1,0,0,1,0,0,1,0,0,0,1,1,0,1,1,1,0,1,1,0,0
29,1,0,1,0,1,0,1,1,0,0,0,0,1,0,1,0,1,1,0,1,0,0,1,0,0,0
29,0,0,1,1,0,1,1,0,0,0,1,0,1,1,1,0,1,0,1,0,1,0,1,0,0,1
29,0,1,1,1,1,0,0,0,0,0,1,1,0,1,0,0,1,0,0,1,1,1,0,1,0,1
29,1,0,0,0,0,1,0,1,1,0,1,1,1,1,0,1,0,1,0,0,0,1,1,1,0,0
29,1,1,1,0,1,1,1,0,1,1,0,0,1,0,0,0,0,0,0,0,0,0,1,1,0,0
29,0,1,0,1,1,1,1,0,0,1,1,1,0,0,1,0,0,0,1,0,0,1,1,0,1,1
29,1,1,1,1,1,0,0,0,0,0,0,1,0,0,1,0,1,1,1,1,0,1,0,1,0,1
29,1,0,0,0,1,0,1,1,1,0,0,1,1,1,1,0,0,0,1,0,1,1,1,0,1,0
29,0,0,0,1,0,0,1,1,0,0,1,0,0,0,1,0,0,0,1,1,1,0,1,1,0,1
29,1,0,0,0,1,0,0,0,1,1,1,0,0,0,0,1,1,1,0,1,0,0,1,0,0,1
29,0,0,0,0,0,0,1,1,1,0,0,0,0,1,0,0,1,1,1,1,0,0,0,1,0,0
29,1,1,1,1,0,0,0,0,0,0,0,0,1,1,0,0,1,0,1,1,0,1,0,1,1,1
29,0,0,1,1,0,1,1,0,0,0,0,1,1,1,0,0,1,1,0,0,1,0,1,0,0,1
29,0,0,1,0,0,0,0,1,1,0,0,1,0,1,0,1,0,1,1,0,1,1,1,0,0,0
29,1,1,1,0,1,0,1,0,0,0,0,0,0,1,0,0,1,1,0,1,0,1,0,1,0,1
29,0,0,0,1,0,0,0,0,1,0,1,1,1,0,0,1,0,0,1,0,0,1,1,1,1,0
29,0,1,1,1,0,1,0,1,0,1,0,0,1,1,1,0,0,1,0,0,1,1,0,1,0,0
29,1,0,0,1,1,0,1,0,0,1,0,1,1,1,0,0,1,1,0,0,1,0,0,0,1,0
29,0,1,0,0,1,0,1,1,0,0,0,0,1,1,1,1,1,1,0,0,1,0,1,0,0,1
29,1,1,0,1,0,1,0,0,1,0,0,0,1,0,0,0,0,0,0,1,1,0,1,1,0,1
29,1,1,1,1,1,0,0,0,0,0,0,1,0,0,0,1,0,1,1,1,0,0,0,1,0,0
29,1,1,0,0,0,1,1,1,1,1,0,1,1,1,0,1,1,0,0,0,0,0,0,0,0,1
29,0,0,0,1,1,0,0,1,1,0,1,0,0,0,1,1,0,0,0,1,0,0,1,1,0,1
29,1,1,1,1,1,1,1,1,1,1,1,1,1,1,1,1,1,1,1,1,1,1,1,1,1,1
29,0,1,0,1,1,1,0,1,1,0,0,0,1,0,0,1,0,0,1,0,1,0,1,1,1,1
29,0,0,1,0,0,1,0,0,1,0,1,0,0,0,1,1,0,1,1,1,0,1,0,0,1,0
29,1,1,0,0,0,0,0,0,1,1,0,1,1,0,0,1,0,0,0,0,0,0,0,1,1,1
29,1,0,0,1,0,0,0,0,0,0,1,0,0,1,0,1,0,1,0,0,1,0,1,1,1,1
29,1,1,0,0,1,1,0,0,0,1,0,0,0,0,1,0,1,0,1,0,1,0,0,0,1,1
29,0,0,1,0,0,0,1,1,1,1,0,0,1,1,0,0,0,1,0,1,0,0,1,0,0,1
29,1,1,0,0,1,0,0,1,0,0,0,0,1,1,0,0,1,1,1,0,0,0,0,1,1,1
29,1,0,1,1,0,0,1,1,1,1,0,1,0,0,0,1,1,0,0,1,1,1,1,0,0,0
29,0,0,0,0,0,0,1,1,1,0,1,1,1,1,0,0,1,0,0,0,0,0,1,1,1,1
29,1,1,0,1,1,0,0,0,1,0,0,1,0,0,1,1,0,0,0,0,0,1,1,1,1,1
29,0,0,1,0,0,0,1,0,0,0,1,1,0,0,1,0,1,1,1,0,0,0,0,1,0,1
29,0,1,1,1,0,0,1,1,0,1,1,0,0,1,1,0,0,0,1,1,1,0,0,0,1,1
29,0,0,0,1,0,1,0,0,1,1,1,0,1,1,0,0,1,1,0,1,1,1,0,0,0,0
29,0,0,0,1,1,1,0,1,0,1,1,1,0,0,0,0,0,1,0,1,0,0,1,1,1,1
29,1,0,0,0,1,1,0,0,1,0,1,0,1,1,0,0,0,1,1,0,1,1,1,0,0,0
29,1,1,1,0,0,1,0,0,1,1,0,1,1,0,0,0,0,1,0,1,0,1,0,0,1,0
10,0,1,0,0,1,1,0,1,1,1,0,0,0,1,1,0,0,0,1,0,0,0,0,1,0,1
10,1,0,0,1,1,0,1,1,0,1,0,0,1,0,0,1,0,0,1,1,0,1,0,1,1,0
10,0,0,1,1,1,0,0,0,1,1,1,0,1,0,1,1,1,1,0,0,0,0,1,0,1,0
10,0,1,1,0,0,1,0,0,1,0,1,0,0,1,1,0,1,1,0,1,0,0,0,0,1,1
10,1,1,0,0,0,0,0,0,1,0,1,0,0,0,1,0,0,1,0,0,1,1,1,0,1,0
10,0,1,0,1,0,0,0,0,0,1,1,1,0,1,0,1,1,0,0,0,1,0,0,0,0,1
10,1,0,0,1,0,0,0,0,1,1,1,1,0,0,0,0,0,0,0,1,0,1,0,1,1,1
10,1,1,0,0,0,1,1,1,0,1,1,0,1,0,0,0,0,0,1,1,0,0,0,1,1,0
10,0,0,0,1,1,0,1,1,1,1,0,0,1,0,1,1,1,1,0,0,0,0,1,0,0,0
10,0,1,1,0,0,1,0,0,1,0,1,0,0,0,1,0,0,0,1,1,1,1,1,0,1,0
10,1,0,1,0,0,1,0,0,1,0,0,1,0,0,0,1,1,0,1,1,1,0,1,1,0,0
10,1,0,1,0,1,0,1,1,0,0,0,0,1,0,1,0,1,1,0,1,0,0,1,0,0,0
10,0,0,1,1,0,1,1,0,0,0,1,0,1,1,1,0,1,0,1,0,1,0,1,0,0,1
10,0,1,1,1,1,0,0,0,0,0,1,1,0,1,0,0,1,0,0,1,1,1,0,1,0,1
10,1,0,0,0,0,1,0,1,1,0,1,1,1,1,0,1,0,1,0,0,0,1,1,1,0,0
10,1,1,1,0,1,1,1,0,1,1,0,0,1,0,0,0,0,0,0,0,0,0,1,1,0,0
10,0,1,0,1,1,1,1,0,0,1,1,1,0,0,1,0,0,0,1,0,0,1,1,0,1,1
10,1,1,1,1,1,0,0,0,0,0,0,1,0,0,1,0,1,1,1,1,0,1,0,1,0,1
10,1,0,0,0,1,0,1,1,1,0,0,1,1,1,1,0,0,0,1,0,1,1,1,0,1,0
10,0,0,0,1,0,0,1,1,0,0,1,0,0,0,1,0,0,0,1,1,1,0,1,1,0,1
10,1,0,0,0,1,0,0,0,1,1,1,0,0,0,0,1,1,1,0,1,0,0,1,0,0,1
10,0,0,0,0,0,0,1,1,1,0,0,0,0,1,0,0,1,1,1,1,0,0,0,1,0,0
10,1,1,1,1,0,0,0,0,0,0,0,0,1,1,0,0,1,0,1,1,0,1,0,1,1,1
10,0,0,1,1,0,1,1,0,0,0,0,1,1,1,0,0,1,1,0,0,1,0,1,0,0,1
10,0,0,1,0,0,0,0,1,1,0,0,1,0,1,0,1,0,1,1,0,1,1,1,0,0,0
10,1,1,1,0,1,0,1,0,0,0,0,0,0,1,0,0,1,1,0,1,0,1,0,1,0,1
10,0,0,0,1,0,0,0,0,1,0,1,1,1,0,0,1,0,0,1,0,0,1,1,1,1,0
10,0,1,1,1,0,1,0,1,0,1,0,0,1,1,1,0,0,1,0,0,1,1,0,1,0,0
10,1,0,0,1,1,0,1,0,0,1,0,1,1,1,0,0,1,1,0,0,1,0,0,0,1,0
10,0,1,0,0,1,0,1,1,0,0,0,0,1,1,1,1,1,1,0,0,1,0,1,0,0,1
10,1,1,0,1,0,1,0,0,1,0,0,0,1,0,0,0,0,0,0,1,1,0,1,1,0,1
10,1,1,1,1,1,0,0,0,0,0,0,1,0,0,0,1,0,1,1,1,0,0,0,1,0,0
10,1,1,0,0,0,1,1,1,1,1,0,1,1,1,0,1,1,0,0,0,0,0,0,0,0,1
10,0,0,0,1,1,0,0,1,1,0,1,0,0,0,1,1,0,0,0,1,0,0,1,1,0,1
10,1,1,1,1,1,1,1,1,1,1,1,1,1,1,1,1,1,1,1,1,1,1,1,1,1,1
10,0,1,0,1,1,1,0,1,1,0,0,0,1,0,0,1,0,0,1,0,1,0,1,1,1,1
10,0,0,1,0,0,1,0,0,1,0,1,0,0,0,1,1,0,1,1,1,0,1,0,0,1,0
10,1,1,0,0,0,0,0,0,1,1,0,1,1,0,0,1,0,0,0,0,0,0,0,1,1,1
10,1,0,0,1,0,0,0,0,0,0,1,0,0,1,0,1,0,1,0,0,1,0,1,1,1,1
10,1,1,0,0,1,1,0,0,0,1,0,0,0,0,1,0,1,0,1,0,1,0,0,0,1,1
10,0,0,1,0,0,0,1,1,1,1,0,0,1,1,0,0,0,1,0,1,0,0,1,0,0,1
10,1,1,0,0,1,0,0,1,0,0,0,0,1,1,0,0,1,1,1,0,0,0,0,1,1,1
10,1,0,1,1,0,0,1,1,1,1,0,1,0,0,0,1,1,0,0,1,1,1,1,0,0,0
10,0,0,0,0,0,0,1,1,1,0,1,1,1,1,0,0,1,0,0,0,0,0,1,1,1,1
10,1,1,0,1,1,0,0,0,1,0,0,1,0,0,1,1,0,0,0,0,0,1,1,1,1,1
10,0,0,1,0,0,0,1,0,0,0,1,1,0,0,1,0,1,1,1,0,0,0,0,1,0,1
10,0,1,1,1,0,0,1,1,0,1,1,0,0,1,1,0,0,0,1,1,1,0,0,0,1,1
10,0,0,0,1,0,1,0,0,1,1,1,0,1,1,0,0,1,1,0,1,1,1,0,0,0,0
10,0,0,0,1,1,1,0,1,0,1,1,1,0,0,0,0,0,1,0,1,0,0,1,1,1,1
10,1,0,0,0,1,1,0,0,1,0,1,0,1,1,0,0,0,1,1,0,1,1,1,0,0,0
10,1,1,1,0,0,1,0,0,1,1,0,1,1,0,0,0,0,1,0,1,0,1,0,0,1,0
26,0,1,0,0,1,1,0,1,1,1,0,0,0,1,1,0,0,0,1,0,0,0,0,1,0,1
26,1,0,0,1,1,0,1,1,0,1,0,0,1,0,0,1,0,0,1,1,0,1,0,1,1,0
26,0,0,1,1,1,0,0,0,1,1,1,0,1,0,1,1,1,1,0,0,0,0,1,0,1,0
26,0,1,1,0,0,1,0,0,1,0,1,0,0,1,1,0,1,1,0,1,0,0,0,0,1,1
26,1,1,0,0,0,0,0,0,1,0,1,0,0,0,1,0,0,1,0,0,1,1,1,0,1,0
26,0,1,0,1,0,0,0,0,0,1,1,1,0,1,0,1,1,0,0,0,1,0,0,0,0,1
26,1,0,0,1,0,0,0,0,1,1,1,1,0,0,0,0,0,0,0,1,0,1,0,1,1,1
26,1,1,0,0,0,1,1,1,0,1,1,0,1,0,0,0,0,0,1,1,0,0,0,1,1,0
26,0,0,0,1,1,0,1,1,1,1,0,0,1,0,1,1,1,1,0,0,0,0,1,0,0,0
26,0,1,1,0,0,1,0,0,1,0,1,0,0,0,1,0,0,0,1,1,1,1,1,0,1,0
26,1,0,1,0,0,1,0,0,1,0,0,1,0,0,0,1,1,0,1,1,1,0,1,1,0,0
26,1,0,1,0,1,0,1,1,0,0,0,0,1,0,1,0,1,1,0,1,0,0,1,0,0,0
26,0,0,1,1,0,1,1,0,0,0,1,0,1,1,1,0,1,0,1,0,1,0,1,0,0,1
26,0,1,1,1,1,0,0,0,0,0,1,1,0,1,0,0,1,0,0,1,1,1,0,1,0,1
26,1,0,0,0,0,1,0,1,1,0,1,1,1,1,0,1,0,1,0,0,0,1,1,1,0,0
26,1,1,1,0,1,1,1,0,1,1,0,0,1,0,0,0,0,0,0,0,0,0,1,1,0,0
26,0,1,0,1,1,1,1,0,0,1,1,1,0,0,1,0,0,0,1,0,0,1,1,0,1,1
26,1,1,1,1,1,0,0,0,0,0,0,1,0,0,1,0,1,1,1,1,0,1,0,1,0,1
26,1,0,0,0,1,0,1,1,1,0,0,1,1,1,1,0,0,0,1,0,1,1,1,0,1,0
26,0,0,0,1,0,0,1,1,0,0,1,0,0,0,1,0,0,0,1,1,1,0,1,1,0,1
26,1,0,0,0,1,0,0,0,1,1,1,0,0,0,0,1,1,1,0,1,0,0,1,0,0,1
26,0,0,0,0,0,0,1,1,1,0,0,0,0,1,0,0,1,1,1,1,0,0,0,1,0,0
26,1,1,1,1,0,0,0,0,0,0,0,0,1,1,0,0,1,0,1,1,0,1,0,1,1,1
26,0,0,1,1,0,1,1,0,0,0,0,1,1,1,0,0,1,1,0,0,1,0,1,0,0,1
26,0,0,1,0,0,0,0,1,1,0,0,1,0,1,0,1,0,1,1,0,1,1,1,0,0,0
26,1,1,1,0,1,0,1,0,0,0,0,0,0,1,0,0,1,1,0,1,0,1,0,1,0,1
26,0,0,0,1,0,0,0,0,1,0,1,1,1,0,0,1,0,0,1,0,0,1,1,1,1,0
26,0,1,1,1,0,1,0,1,0,1,0,0,1,1,1,0,0,1,0,0,1,1,0,1,0,0
26,1,0,0,1,1,0,1,0,0,1,0,1,1,1,0,0,1,1,0,0,1,0,0,0,1,0
26,0,1,0,0,1,0,1,1,0,0,0,0,1,1,1,1,1,1,0,0,1,0,1,0,0,1
26,1,1,0,1,0,1,0,0,1,0,0,0,1,0,0,0,0,0,0,1,1,0,1,1,0,1
26,1,1,1,1,1,0,0,0,0,0,0,1,0,0,0,1,0,1,1,1,0,0,0,1,0,0
26,1,1,0,0,0,1,1,1,1,1,0,1,1,1,0,1,1,0,0,0,0,0,0,0,0,1
26,0,0,0,1,1,0,0,1,1,0,1,0,0,0,1,1,0,0,0,1,0,0,1,1,0,1
26,1,1,1,1,1,1,1,1,1,1,1,1,1,1,1,1,1,1,1,1,1,1,1,1,1,1
26,0,1,0,1,1,1,0,1,1,0,0,0,1,0,0,1,0,0,1,0,1,0,1,1,1,1
26,0,0,1,0,0,1,0,0,1,0,1,0,0,0,1,1,0,1,1,1,0,1,0,0,1,0
26,1,1,0,0,0,0,0,0,1,1,0,1,1,0,0,1,0,0,0,0,0,0,0,1,1,1
26,1,0,0,1,0,0,0,0,0,0,1,0,0,1,0,1,0,1,0,0,1,0,1,1,1,1
26,1,1,0,0,1,1,0,0,0,1,0,0,0,0,1,0,1,0,1,0,1,0,0,0,1,1
26,0,0,1,0,0,0,1,1,1,1,0,0,1,1,0,0,0,1,0,1,0,0,1,0,0,1
26,1,1,0,0,1,0,0,1,0,0,0,0,1,1,0,0,1,1,1,0,0,0,0,1,1,1
26,1,0,1,1,0,0,1,1,1,1,0,1,0,0,0,1,1,0,0,1,1,1,1,0,0,0
26,0,0,0,0,0,0,1,1,1,0,1,1,1,1,0,0,1,0,0,0,0,0,1,1,1,1
26,1,1,0,1,1,0,0,0,1,0,0,1,0,0,1,1,0,0,0,0,0,1,1,1,1,1
26,0,0,1,0,0,0,1,0,0,0,1,1,0,0,1,0,1,1,1,0,0,0,0,1,0,1
26,0,1,1,1,0,0,1,1,0,1,1,0,0,1,1,0,0,0,1,1,1,0,0,0,1,1
26,0,0,0,1,0,1,0,0,1,1,1,0,1,1,0,0,1,1,0,1,1,1,0,0,0,0
26,0,0,0,1,1,1,0,1,0,1,1,1,0,0,0,0,0,1,0,1,0,0,1,1,1,1
26,1,0,0,0,1,1,0,0,1,0,1,0,1,1,0,0,0,1,1,0,1,1,1,0,0,0
26,1,1,1,0,0,1,0,0,1,1,0,1,1,0,0,0,0,1,0,1,0,1,0,0,1,0
12,0,1,0,0,1,1,0,1,1,1,0,0,0,1,1,0,0,0,1,0,0,0,0,1,0,1
12,1,0,0,1,1,0,1,1,0,1,0,0,1,0,0,1,0,0,1,1,0,1,0,1,1,0
12,0,0,1,1,1,0,0,0,1,1,1,0,1,0,1,1,1,1,0,0,0,0,1,0,1,0
12,0,1,1,0,0,1,0,0,1,0,1,0,0,1,1,0,1,1,0,1,0,0,0,0,1,1
12,1,1,0,0,0,0,0,0,1,0,1,0,0,0,1,0,0,1,0,0,1,1,1,0,1,0
12,0,1,0,1,0,0,0,0,0,1,1,1,0,1,0,1,1,0,0,0,1,0,0,0,0,1
12,1,0,0,1,0,0,0,0,1,1,1,1,0,0,0,0,0,0,0,1,0,1,0,1,1,1
12,1,1,0,0,0,1,1,1,0,1,1,0,1,0,0,0,0,0,1,1,0,0,0,1,1,0
12,0,0,0,1,1,0,1,1,1,1,0,0,1,0,1,1,1,1,0,0,0,0,1,0,0,0
12,0,1,1,0,0,1,0,0,1,0,1,0,0,0,1,0,0,0,1,1,1,1,1,0,1,0
12,1,0,1,0,0,1,0,0,1,0,0,1,0,0,0,1,1,0,1,1,1,0,1,1,0,0
12,1,0,1,0,1,0,1,1,0,0,0,0,1,0,1,0,1,1,0,1,0,0,1,0,0,0
12,0,0,1,1,0,1,1,0,0,0,1,0,1,1,1,0,1,0,1,0,1,0,1,0,0,1
12,0,1,1,1,1,0,0,0,0,0,1,1,0,1,0,0,1,0,0,1,1,1,0,1,0,1
12,1,0,0,0,0,1,0,1,1,0,1,1,1,1,0,1,0,1,0,0,0,1,1,1,0,0
12,1,1,1,0,1,1,1,0,1,1,0,0,1,0,0,0,0,0,0,0,0,0,1,1,0,0
12,0,1,0,1,1,1,1,0,0,1,1,1,0,0,1,0,0,0,1,0,0,1,1,0,1,1
12,1,1,1,1,1,0,0,0,0,0,0,1,0,0,1,0,1,1,1,1,0,1,0,1,0,1
12,1,0,0,0,1,0,1,1,1,0,0,1,1,1,1,0,0,0,1,0,1,1,1,0,1,0
12,0,0,0,1,0,0,1,1,0,0,1,0,0,0,1,0,0,0,1,1,1,0,1,1,0,1
12,1,0,0,0,1,0,0,0,1,1,1,0,0,0,0,1,1,1,0,1,0,0,1,0,0,1
12,0,0,0,0,0,0,1,1,1,0,0,0,0,1,0,0,1,1,1,1,0,0,0,1,0,0
12,1,1,1,1,0,0,0,0,0,0,0,0,1,1,0,0,1,0,1,1,0,1,0,1,1,1
12,0,0,1,1,0,1,1,0,0,0,0,1,1,1,0,0,1,1,0,0,1,0,1,0,0,1
12,0,0,1,0,0,0,0,1,1,0,0,1,0,1,0,1,0,1,1,0,1,1,1,0,0,0
12,1,1,1,0,1,0,1,0,0,0,0,0,0,1,0,0,1,1,0,1,0,1,0,1,0,1
12,0,0,0,1,0,0,0,0,1,0,1,1,1,0,0,1,0,0,1,0,0,1,1,1,1,0
12,0,1,1,1,0,1,0,1,0,1,0,0,1,1,1,0,0,1,0,0,1,1,0,1,0,0
12,1,0,0,1,1,0,1,0,0,1,0,1,1,1,0,0,1,1,0,0,1,0,0,0,1,0
12,0,1,0,0,1,0,1,1,0,0,0,0,1,1,1,1,1,1,0,0,1,0,1,0,0,1
12,1,1,0,1,0,1,0,0,1,0,0,0,1,0,0,0,0,0,0,1,1,0,1,1,0,1
12,1,1,1,1,1,0,0,0,0,0,0,1,0,0,0,1,0,1,1,1,0,0,0,1,0,0
12,1,1,0,0,0,1,1,1,1,1,0,1,1,1,0,1,1,0,0,0,0,0,0,0,0,1
12,0,0,0,1,1,0,0,1,1,0,1,0,0,0,1,1,0,0,0,1,0,0,1,1,0,1
12,1,1,1,1,1,1,1,1,1,1,1,1,1,1,1,1,1,1,1,1,1,1,1,1,1,1
12,0,1,0,1,1,1,0,1,1,0,0,0,1,0,0,1,0,0,1,0,1,0,1,1,1,1
12,0,0,1,0,0,1,0,0,1,0,1,0,0,0,1,1,0,1,1,1,0,1,0,0,1,0
12,1,1,0,0,0,0,0,0,1,1,0,1,1,0,0,1,0,0,0,0,0,0,0,1,1,1
12,1,0,0,1,0,0,0,0,0,0,1,0,0,1,0,1,0,1,0,0,1,0,1,1,1,1
12,1,1,0,0,1,1,0,0,0,1,0,0,0,0,1,0,1,0,1,0,1,0,0,0,1,1
12,0,0,1,0,0,0,1,1,1,1,0,0,1,1,0,0,0,1,0,1,0,0,1,0,0,1
12,1,1,0,0,1,0,0,1,0,0,0,0,1,1,0,0,1,1,1,0,0,0,0,1,1,1
12,1,0,1,1,0,0,1,1,1,1,0,1,0,0,0,1,1,0,0,1,1,1,1,0,0,0
12,0,0,0,0,0,0,1,1,1,0,1,1,1,1,0,0,1,0,0,0,0,0,1,1,1,1
12,1,1,0,1,1,0,0,0,1,0,0,1,0,0,1,1,0,0,0,0,0,1,1,1,1,1
12,0,0,1,0,0,0,1,0,0,0,1,1,0,0,1,0,1,1,1,0,0,0,0,1,0,1
12,0,1,1,1,0,0,1,1,0,1,1,0,0,1,1,0,0,0,1,1,1,0,0,0,1,1
12,0,0,0,1,0,1,0,0,1,1,1,0,1,1,0,0,1,1,0,1,1,1,0,0,0,0
12,0,0,0,1,1,1,0,1,0,1,1,1,0,0,0,0,0,1,0,1,0,0,1,1,1,1
12,1,0,0,0,1,1,0,0,1,0,1,0,1,1,0,0,0,1,1,0,1,1,1,0,0,0
12,1,1,1,0,0,1,0,0,1,1,0,1,1,0,0,0,0,1,0,1,0,1,0,0,1,0
19,0,1,0,0,1,1,0,1,1,1,0,0,0,1,1,0,0,0,1,0,0,0,0,1,0,1
19,1,0,0,1,1,0,1,1,0,1,0,0,1,0,0,1,0,0,1,1,0,1,0,1,1,0
19,0,0,1,1,1,0,0,0,1,1,1,0,1,0,1,1,1,1,0,0,0,0,1,0,1,0
19,0,1,1,0,0,1,0,0,1,0,1,0,0,1,1,0,1,1,0,1,0,0,0,0,1,1
19,1,1,0,0,0,0,0,0,1,0,1,0,0,0,1,0,0,1,0,0,1,1,1,0,1,0
19,0,1,0,1,0,0,0,0,0,1,1,1,0,1,0,1,1,0,0,0,1,0,0,0,0,1
19,1,0,0,1,0,0,0,0,1,1,1,1,0,0,0,0,0,0,0,1,0,1,0,1,1,1
19,1,1,0,0,0,1,1,1,0,1,1,0,1,0,0,0,0,0,1,1,0,0,0,1,1,0
19,0,0,0,1,1,0,1,1,1,1,0,0,1,0,1,1,1,1,0,0,0,0,1,0,0,0
19,0,1,1,0,0,1,0,0,1,0,1,0,0,0,1,0,0,0,1,1,1,1,1,0,1,0
19,1,0,1,0,0,1,0,0,1,0,0,1,0,0,0,1,1,0,1,1,1,0,1,1,0,0
19,1,0,1,0,1,0,1,1,0,0,0,0,1,0,1,0,1,1,0,1,0,0,1,0,0,0
19,0,0,1,1,0,1,1,0,0,0,1,0,1,1,1,0,1,0,1,0,1,0,1,0,0,1
19,0,1,1,1,1,0,0,0,0,0,1,1,0,1,0,0,1,0,0,1,1,1,0,1,0,1
19,1,0,0,0,0,1,0,1,1,0,1,1,1,1,0,1,0,1,0,0,0,1,1,1,0,0
19,1,1,1,0,1,1,1,0,1,1,0,0,1,0,0,0,0,0,0,0,0,0,1,1,0,0
19,0,1,0,1,1,1,1,0,0,1,1,1,0,0,1,0,0,0,1,0,0,1,1,0,1,1
19,1,1,1,1,1,0,0,0,0,0,0,1,0,0,1,0,1,1,1,1,0,1,0,1,0,1
19,1,0,0,0,1,0,1,1,1,0,0,1,1,1,1,0,0,0,1,0,1,1,1,0,1,0
19,0,0,0,1,0,0,1,1,0,0,1,0,0,0,1,0,0,0,1,1,1,0,1,1,0,1
19,1,0,0,0,1,0,0,0,1,1,1,0,0,0,0,1,1,1,0,1,0,0,1,0,0,1
19,0,0,0,0,0,0,1,1,1,0,0,0,0,1,0,0,1,1,1,1,0,0,0,1,0,0
19,1,1,1,1,0,0,0,0,0,0,0,0,1,1,0,0,1,0,1,1,0,1,0,1,1,1
19,0,0,1,1,0,1,1,0,0,0,0,1,1,1,0,0,1,1,0,0,1,0,1,0,0,1
19,0,0,1,0,0,0,0,1,1,0,0,1,0,1,0,1,0,1,1,0,1,1,1,0,0,0
19,1,1,1,0,1,0,1,0,0,0,0,0,0,1,0,0,1,1,0,1,0,1,0,1,0,1
19,0,0,0,1,0,0,0,0,1,0,1,1,1,0,0,1,0,0,1,0,0,1,1,1,1,0
19,0,1,1,1,0,1,0,1,0,1,0,0,1,1,1,0,0,1,0,0,1,1,0,1,0,0
19,1,0,0,1,1,0,1,0,0,1,0,1,1,1,0,0,1,1,0,0,1,0,0,0,1,0
19,0,1,0,0,1,0,1,1,0,0,0,0,1,1,1,1,1,1,0,0,1,0,1,0,0,1
19,1,1,0,1,0,1,0,0,1,0,0,0,1,0,0,0,0,0,0,1,1,0,1,1,0,1
19,1,1,1,1,1,0,0,0,0,0,0,1,0,0,0,1,0,1,1,1,0,0,0,1,0,0
19,1,1,0,0,0,1,1,1,1,1,0,1,1,1,0,1,1,0,0,0,0,0,0,0,0,1
19,0,0,0,1,1,0,0,1,1,0,1,0,0,0,1,1,0,0,0,1,0,0,1,1,0,1
19,1,1,1,1,1,1,1,1,1,1,1,1,1,1,1,1,1,1,1,1,1,1,1,1,1,1
19,0,1,0,1,1,1,0,1,1,0,0,0,1,0,0,1,0,0,1,0,1,0,1,1,1,1
19,0,0,1,0,0,1,0,0,1,0,1,0,0,0,1,1,0,1,1,1,0,1,0,0,1,0
19,1,1,0,0,0,0,0,0,1,1,0,1,1,0,0,1,0,0,0,0,0,0,0,1,1,1
19,1,0,0,1,0,0,0,0,0,0,1,0,0,1,0,1,0,1,0,0,1,0,1,1,1,1
19,1,1,0,0,1,1,0,0,0,1,0,0,0,0,1,0,1,0,1,0,1,0,0,0,1,1
19,0,0,1,0,0,0,1,1,1,1,0,0,1,1,0,0,0,1,0,1,0,0,1,0,0,1
19,1,1,0,0,1,0,0,1,0,0,0,0,1,1,0,0,1,1,1,0,0,0,0,1,1,1
19,1,0,1,1,0,0,1,1,1,1,0,1,0,0,0,1,1,0,0,1,1,1,1,0,0,0
19,0,0,0,0,0,0,1,1,1,0,1,1,1,1,0,0,1,0,0,0,0,0,1,1,1,1
19,1,1,0,1,1,0,0,0,1,0,0,1,0,0,1,1,0,0,0,0,0,1,1,1,1,1
19,0,0,1,0,0,0,1,0,0,0,1,1,0,0,1,0,1,1,1,0,0,0,0,1,0,1
19,0,1,1,1,0,0,1,1,0,1,1,0,0,1,1,0,0,0,1,1,1,0,0,0,1,1
19,0,0,0,1,0,1,0,0,1,1,1,0,1,1,0,0,1,1,0,1,1,1,0,0,0,0
19,0,0,0,1,1,1,0,1,0,1,1,1,0,0,0,0,0,1,0,1,0,0,1,1,1,1
19,1,0,0,0,1,1,0,0,1,0,1,0,1,1,0,0,0,1,1,0,1,1,1,0,0,0
19,1,1,1,0,0,1,0,0,1,1,0,1,1,0,0,0,0,1,0,1,0,1,0,0,1,0
9,0,1,0,0,1,1,0,1,1,1,0,0,0,1,1,0,0,0,1,0,0,0,0,1,0,1
9,1,0,0,1,1,0,1,1,0,1,0,0,1,0,0,1,0,0,1,1,0,1,0,1,1,0
9,0,0,1,1,1,0,0,0,1,1,1,0,1,0,1,1,1,1,0,0,0,0,1,0,1,0
9,0,1,1,0,0,1,0,0,1,0,1,0,0,1,1,0,1,1,0,1,0,0,0,0,1,1
9,1,1,0,0,0,0,0,0,1,0,1,0,0,0,1,0,0,1,0,0,1,1,1,0,1,0
9,0,1,0,1,0,0,0,0,0,1,1,1,0,1,0,1,1,0,0,0,1,0,0,0,0,1
9,1,0,0,1,0,0,0,0,1,1,1,1,0,0,0,0,0,0,0,1,0,1,0,1,1,1
9,1,1,0,0,0,1,1,1,0,1,1,0,1,0,0,0,0,0,1,1,0,0,0,1,1,0
9,0,0,0,1,1,0,1,1,1,1,0,0,1,0,1,1,1,1,0,0,0,0,1,0,0,0
9,0,1,1,0,0,1,0,0,1,0,1,0,0,0,1,0,0,0,1,1,1,1,1,0,1,0
9,1,0,1,0,0,1,0,0,1,0,0,1,0,0,0,1,1,0,1,1,1,0,1,1,0,0
9,1,0,1,0,1,0,1,1,0,0,0,0,1,0,1,0,1,1,0,1,0,0,1,0,0,0
9,0,0,1,1,0,1,1,0,0,0,1,0,1,1,1,0,1,0,1,0,1,0,1,0,0,1
9,0,1,1,1,1,0,0,0,0,0,1,1,0,1,0,0,1,0,0,1,1,1,0,1,0,1
9,1,0,0,0,0,1,0,1,1,0,1,1,1,1,0,1,0,1,0,0,0,1,1,1,0,0
9,1,1,1,0,1,1,1,0,1,1,0,0,1,0,0,0,0,0,0,0,0,0,1,1,0,0
9,0,1,0,1,1,1,1,0,0,1,1,1,0,0,1,0,0,0,1,0,0,1,1,0,1,1
9,1,1,1,1,1,0,0,0,0,0,0,1,0,0,1,0,1,1,1,1,0,1,0,1,0,1
9,1,0,0,0,1,0,1,1,1,0,0,1,1,1,1,0,0,0,1,0,1,1,1,0,1,0
9,0,0,0,1,0,0,1,1,0,0,1,0,0,0,1,0,0,0,1,1,1,0,1,1,0,1
9,1,0,0,0,1,0,0,0,1,1,1,0,0,0,0,1,1,1,0,1,0,0,1,0,0,1
9,0,0,0,0,0,0,1,1,1,0,0,0,0,1,0,0,1,1,1,1,0,0,0,1,0,0
9,1,1,1,1,0,0,0,0,0,0,0,0,1,1,0,0,1,0,1,1,0,1,0,1,1,1
9,0,0,1,1,0,1,1,0,0,0,0,1,1,1,0,0,1,1,0,0,1,0,1,0,0,1
9,0,0,1,0,0,0,0,1,1,0,0,1,0,1,0,1,0,1,1,0,1,1,1,0,0,0
9,1,1,1,0,1,0,1,0,0,0,0,0,0,1,0,0,1,1,0,1,0,1,0,1,0,1
9,0,0,0,1,0,0,0,0,1,0,1,1,1,0,0,1,0,0,1,0,0,1,1,1,1,0
9,0,1,1,1,0,1,0,1,0,1,0,0,1,1,1,0,0,1,0,0,1,1,0,1,0,0
9,1,0,0,1,1,0,1,0,0,1,0,1,1,1,0,0,1,1,0,0,1,0,0,0,1,0
9,0,1,0,0,1,0,1,1,0,0,0,0,1,1,1,1,1,1,0,0,1,0,1,0,0,1
9,1,1,0,1,0,1,0,0,1,0,0,0,1,0,0,0,0,0,0,1,1,0,1,1,0,1
9,1,1,1,1,1,0,0,0,0,0,0,1,0,0,0,1,0,1,1,1,0,0,0,1,0,0
9,1,1,0,0,0,1,1,1,1,1,0,1,1,1,0,1,1,0,0,0,0,0,0,0,0,1
9,0,0,0,1,1,0,0,1,1,0,1,0,0,0,1,1,0,0,0,1,0,0,1,1,0,1
9,1,1,1,1,1,1,1,1,1,1,1,1,1,1,1,1,1,1,1,1,1,1,1,1,1,1
9,0,1,0,1,1,1,0,1,1,0,0,0,1,0,0,1,0,0,1,0,1,0,1,1,1,1
9,0,0,1,0,0,1,0,0,1,0,1,0,0,0,1,1,0,1,1,1,0,1,0,0,1,0
9,1,1,0,0,0,0,0,0,1,1,0,1,1,0,0,1,0,0,0,0,0,0,0,1,1,1
9,1,0,0,1,0,0,0,0,0,0,1,0,0,1,0,1,0,1,0,0,1,0,1,1,1,1
9,1,1,0,0,1,1,0,0,0,1,0,0,0,0,1,0,1,0,1,0,1,0,0,0,1,1
9,0,0,1,0,0,0,1,1,1,1,0,0,1,1,0,0,0,1,0,1,0,0,1,0,0,1
9,1,1,0,0,1,0,0,1,0,0,0,0,1,1,0,0,1,1,1,0,0,0,0,1,1,1
9,1,0,1,1,0,0,1,1,1,1,0,1,0,0,0,1,1,0,0,1,1,1,1,0,0,0
9,0,0,0,0,0,0,1,1,1,0,1,1,1,1,0,0,1,0,0,0,0,0,1,1,1,1
9,1,1,0,1,1,0,0,0,1,0,0,1,0,0,1,1,0,0,0,0,0,1,1,1,1,1
9,0,0,1,0,0,0,1,0,0,0,1,1,0,0,1,0,1,1,1,0,0,0,0,1,0,1
9,0,1,1,1,0,0,1,1,0,1,1,0,0,1,1,0,0,0,1,1,1,0,0,0,1,1
9,0,0,0,1,0,1,0,0,1,1,1,0,1,1,0,0,1,1,0,1,1,1,0,0,0,0
9,0,0,0,1,1,1,0,1,0,1,1,1,0,0,0,0,0,1,0,1,0,0,1,1,1,1
9,1,0,0,0,1,1,0,0,1,0,1,0,1,1,0,0,0,1,1,0,1,1,1,0,0,0
9,1,1,1,0,0,1,0,0,1,1,0,1,1,0,0,0,0,1,0,1,0,1,0,0,1,0
20,0,1,0,0,1,1,0,1,1,1,0,0,0,1,1,0,0,0,1,0,0,0,0,1,0,1
20,1,0,0,1,1,0,1,1,0,1,0,0,1,0,0,1,0,0,1,1,0,1,0,1,1,0
20,0,0,1,1,1,0,0,0,1,1,1,0,1,0,1,1,1,1,0,0,0,0,1,0,1,0
20,0,1,1,0,0,1,0,0,1,0,1,0,0,1,1,0,1,1,0,1,0,0,0,0,1,1
20,1,1,0,0,0,0,0,0,1,0,1,0,0,0,1,0,0,1,0,0,1,1,1,0,1,0
20,0,1,0,1,0,0,0,0,0,1,1,1,0,1,0,1,1,0,0,0,1,0,0,0,0,1
20,1,0,0,1,0,0,0,0,1,1,1,1,0,0,0,0,0,0,0,1,0,1,0,1,1,1
20,1,1,0,0,0,1,1,1,0,1,1,0,1,0,0,0,0,0,1,1,0,0,0,1,1,0
20,0,0,0,1,1,0,1,1,1,1,0,0,1,0,1,1,1,1,0,0,0,0,1,0,0,0
20,0,1,1,0,0,1,0,0,1,0,1,0,0,0,1,0,0,0,1,1,1,1,1,0,1,0
20,1,0,1,0,0,1,0,0,1,0,0,1,0,0,0,1,1,0,1,1,1,0,1,1,0,0
20,1,0,1,0,1,0,1,1,0,0,0,0,1,0,1,0,1,1,0,1,0,0,1,0,0,0
20,0,0,1,1,0,1,1,0,0,0,1,0,1,1,1,0,1,0,1,0,1,0,1,0,0,1
20,0,1,1,1,1,0,0,0,0,0,1,1,0,1,0,0,1,0,0,1,1,1,0,1,0,1
20,1,0,0,0,0,1,0,1,1,0,1,1,1,1,0,1,0,1,0,0,0,1,1,1,0,0
20,1,1,1,0,1,1,1,0,1,1,0,0,1,0,0,0,0,0,0,0,0,0,1,1,0,0
20,0,1,0,1,1,1,1,0,0,1,1,1,0,0,1,0,0,0,1,0,0,1,1,0,1,1
20,1,1,1,1,1,0,0,0,0,0,0,1,0,0,1,0,1,1,1,1,0,1,0,1,0,1
20,1,0,0,0,1,0,1,1,1,0,0,1,1,1,1,0,0,0,1,0,1,1,1,0,1,0
20,0,0,0,1,0,0,1,1,0,0,1,0,0,0,1,0,0,0,1,1,1,0,1,1,0,1
20,1,0,0,0,1,0,0,0,1,1,1,0,0,0,0,1,1,1,0,1,0,0,1,0,0,1
20,0,0,0,0,0,0,1,1,1,0,0,0,0,1,0,0,1,1,1,1,0,0,0,1,0,0
20,1,1,1,1,0,0,0,0,0,0,0,0,1,1,0,0,1,0,1,1,0,1,0,1,1,1
20,0,0,1,1,0,1,1,0,0,0,0,1,1,1,0,0,1,1,0,0,1,0,1,0,0,1
20,0,0,1,0,0,0,0,1,1,0,0,1,0,1,0,1,0,1,1,0,1,1,1,0,0,0
20,1,1,1,0,1,0,1,0,0,0,0,0,0,1,0,0,1,1,0,1,0,1,0,1,0,1
20,0,0,0,1,0,0,0,0,1,0,1,1,1,0,0,1,0,0,1,0,0,1,1,1,1,0
20,0,1,1,1,0,1,0,1,0,1,0,0,1,1,1,0,0,1,0,0,1,1,0,1,0,0
20,1,0,0,1,1,0,1,0,0,1,0,1,1,1,0,0,1,1,0,0,1,0,0,0,1,0
20,0,1,0,0,1,0,1,1,0,0,0,0,1,1,1,1,1,1,0,0,1,0,1,0,0,1
20,1,1,0,1,0,1,0,0,1,0,0,0,1,0,0,0,0,0,0,1,1,0,1,1,0,1
20,1,1,1,1,1,0,0,0,0,0,0,1,0,0,0,1,0,1,1,1,0,0,0,1,0,0
20,1,1,0,0,0,1,1,1,1,1,0,1,1,1,0,1,1,0,0,0,0,0,0,0,0,1
20,0,0,0,1,1,0,0,1,1,0,1,0,0,0,1,1,0,0,0,1,0,0,1,1,0,1
20,1,1,1,1,1,1,1,1,1,1,1,1,1,1,1,1,1,1,1,1,1,1,1,1,1,1
20,0,1,0,1,1,1,0,1,1,0,0,0,1,0,0,1,0,0,1,0,1,0,1,1,1,1
20,0,0,1,0,0,1,0,0,1,0,1,0,0,0,1,1,0,1,1,1,0,1,0,0,1,0
20,1,1,0,0,0,0,0,0,1,1,0,1,1,0,0,1,0,0,0,0,0,0,0,1,1,1
20,1,0,0,1,0,0,0,0,0,0,1,0,0,1,0,1,0,1,0,0,1,0,1,1,1,1
20,1,1,0,0,1,1,0,0,0,1,0,0,0,0,1,0,1,0,1,0,1,0,0,0,1,1
20,0,0,1,0,0,0,1,1,1,1,0,0,1,1,0,0,0,1,0,1,0,0,1,0,0,1
20,1,1,0,0,1,0,0,1,0,0,0,0,1,1,0,0,1,1,1,0,0,0,0,1,1,1
20,1,0,1,1,0,0,1,1,1,1,0,1,0,0,0,1,1,0,0,1,1,1,1,0,0,0
20,0,0,0,0,0,0,1,1,1,0,1,1,1,1,0,0,1,0,0,0,0,0,1,1,1,1
20,1,1,0,1,1,0,0,0,1,0,0,1,0,0,1,1,0,0,0,0,0,1,1,1,1,1
20,0,0,1,0,0,0,1,0,0,0,1,1,0,0,1,0,1,1,1,0,0,0,0,1,0,1
20,0,1,1,1,0,0,1,1,0,1,1,0,0,1,1,0,0,0,1,1,1,0,0,0,1,1
20,0,0,0,1,0,1,0,0,1,1,1,0,1,1,0,0,1,1,0,1,1,1,0,0,0,0
20,0,0,0,1,1,1,0,1,0,1,1,1,0,0,0,0,0,1,0,1,0,0,1,1,1,1
20,1,0,0,0,1,1,0,0,1,0,1,0,1,1,0,0,0,1,1,0,1,1,1,0,0,0
20,1,1,1,0,0,1,0,0,1,1,0,1,1,0,0,0,0,1,0,1,0,1,0,0,1,0
30,0,1,0,0,1,1,0,1,1,1,0,0,0,1,1,0,0,0,1,0,0,0,0,1,0,1
30,1,0,0,1,1,0,1,1,0,1,0,0,1,0,0,1,0,0,1,1,0,1,0,1,1,0
30,0,0,1,1,1,0,0,0,1,1,1,0,1,0,1,1,1,1,0,0,0,0,1,0,1,0
30,0,1,1,0,0,1,0,0,1,0,1,0,0,1,1,0,1,1,0,1,0,0,0,0,1,1
30,1,1,0,0,0,0,0,0,1,0,1,0,0,0,1,0,0,1,0,0,1,1,1,0,1,0
30,0,1,0,1,0,0,0,0,0,1,1,1,0,1,0,1,1,0,0,0,1,0,0,0,0,1
30,1,0,0,1,0,0,0,0,1,1,1,1,0,0,0,0,0,0,0,1,0,1,0,1,1,1
30,1,1,0,0,0,1,1,1,0,1,1,0,1,0,0,0,0,0,1,1,0,0,0,1,1,0
30,0,0,0,1,1,0,1,1,1,1,0,0,1,0,1,1,1,1,0,0,0,0,1,0,0,0
30,0,1,1,0,0,1,0,0,1,0,1,0,0,0,1,0,0,0,1,1,1,1,1,0,1,0
30,1,0,1,0,0,1,0,0,1,0,0,1,0,0,0,1,1,0,1,1,1,0,1,1,0,0
30,1,0,1,0,1,0,1,1,0,0,0,0,1,0,1,0,1,1,0,1,0,0,1,0,0,0
30,0,0,1,1,0,1,1,0,0,0,1,0,1,1,1,0,1,0,1,0,1,0,1,0,0,1
30,0,1,1,1,1,0,0,0,0,0,1,1,0,1,0,0,1,0,0,1,1,1,0,1,0,1
30,1,0,0,0,0,1,0,1,1,0,1,1,1,1,0,1,0,1,0,0,0,1,1,1,0,0
30,1,1,1,0,1,1,1,0,1,1,0,0,1,0,0,0,0,0,0,0,0,0,1,1,0,0
30,0,1,0,1,1,1,1,0,0,1,1,1,0,0,1,0,0,0,1,0,0,1,1,0,1,1
30,1,1,1,1,1,0,0,0,0,0,0,1,0,0,1,0,1,1,1,1,0,1,0,1,0,1
30,1,0,0,0,1,0,1,1,1,0,0,1,1,1,1,0,0,0,1,0,1,1,1,0,1,0
30,0,0,0,1,0,0,1,1,0,0,1,0,0,0,1,0,0,0,1,1,1,0,1,1,0,1
30,1,0,0,0,1,0,0,0,1,1,1,0,0,0,0,1,1,1,0,1,0,0,1,0,0,1
30,0,0,0,0,0,0,1,1,1,0,0,0,0,1,0,0,1,1,1,1,0,0,0,1,0,0
30,1,1,1,1,0,0,0,0,0,0,0,0,1,1,0,0,1,0,1,1,0,1,0,1,1,1
30,0,0,1,1,0,1,1,0,0,0,0,1,1,1,0,0,1,1,0,0,1,0,1,0,0,1
30,0,0,1,0,0,0,0,1,1,0,0,1,0,1,0,1,0,1,1,0,1,1,1,0,0,0
30,1,1,1,0,1,0,1,0,0,0,0,0,0,1,0,0,1,1,0,1,0,1,0,1,0,1
30,0,0,0,1,0,0,0,0,1,0,1,1,1,0,0,1,0,0,1,0,0,1,1,1,1,0
30,0,1,1,1,0,1,0,1,0,1,0,0,1,1,1,0,0,1,0,0,1,1,0,1,0,0
30,1,0,0,1,1,0,1,0,0,1,0,1,1,1,0,0,1,1,0,0,1,0,0,0,1,0
30,0,1,0,0,1,0,1,1,0,0,0,0,1,1,1,1,1,1,0,0,1,0,1,0,0,1
30,1,1,0,1,0,1,0,0,1,0,0,0,1,0,0,0,0,0,0,1,1,0,1,1,0,1
30,1,1,1,1,1,0,0,0,0,0,0,1,0,0,0,1,0,1,1,1,0,0,0,1,0,0
30,1,1,0,0,0,1,1,1,1,1,0,1,1,1,0,1,1,0,0,0,0,0,0,0,0,1
30,0,0,0,1,1,0,0,1,1,0,1,0,0,0,1,1,0,0,0,1,0,0,1,1,0,1
30,1,1,1,1,1,1,1,1,1,1,1,1,1,1,1,1,1,1,1,1,1,1,1,1,1,1
30,0,1,0,1,1,1,0,1,1,0,0,0,1,0,0,1,0,0,1,0,1,0,1,1,1,1
30,0,0,1,0,0,1,0,0,1,0,1,0,0,0,1,1,0,1,1,1,0,1,0,0,1,0
30,1,1,0,0,0,0,0,0,1,1,0,1,1,0,0,1,0,0,0,0,0,0,0,1,1,1
30,1,0,0,1,0,0,0,0,0,0,1,0,0,1,0,1,0,1,0,0,1,0,1,1,1,1
30,1,1,0,0,1,1,0,0,0,1,0,0,0,0,1,0,1,0,1,0,1,0,0,0,1,1
30,0,0,1,0,0,0,1,1,1,1,0,0,1,1,0,0,0,1,0,1,0,0,1,0,0,1
30,1,1,0,0,1,0,0,1,0,0,0,0,1,1,0,0,1,1,1,0,0,0,0,1,1,1
30,1,0,1,1,0,0,1,1,1,1,0,1,0,0,0,1,1,0,0,1,1,1,1,0,0,0
30,0,0,0,0,0,0,1,1,1,0,1,1,1,1,0,0,1,0,0,0,0,0,1,1,1,1
30,1,1,0,1,1,0,0,0,1,0,0,1,0,0,1,1,0,0,0,0,0,1,1,1,1,1
30,0,0,1,0,0,0,1,0,0,0,1,1,0,0,1,0,1,1,1,0,0,0,0,1,0,1
30,0,1,1,1,0,0,1,1,0,1,1,0,0,1,1,0,0,0,1,1,1,0,0,0,1,1
30,0,0,0,1,0,1,0,0,1,1,1,0,1,1,0,0,1,1,0,1,1,1,0,0,0,0
30,0,0,0,1,1,1,0,1,0,1,1,1,0,0,0,0,0,1,0,1,0,0,1,1,1,1
30,1,0,0,0,1,1,0,0,1,0,1,0,1,1,0,0,0,1,1,0,1,1,1,0,0,0
30,1,1,1,0,0,1,0,0,1,1,0,1,1,0,0,0,0,1,0,1,0,1,0,0,1,0
27,0,1,0,0,1,1,0,1,1,1,0,0,0,1,1,0,0,0,1,0,0,0,0,1,0,1
27,1,0,0,1,1,0,1,1,0,1,0,0,1,0,0,1,0,0,1,1,0,1,0,1,1,0
27,0,0,1,1,1,0,0,0,1,1,1,0,1,0,1,1,1,1,0,0,0,0,1,0,1,0
27,0,1,1,0,0,1,0,0,1,0,1,0,0,1,1,0,1,1,0,1,0,0,0,0,1,1
27,1,1,0,0,0,0,0,0,1,0,1,0,0,0,1,0,0,1,0,0,1,1,1,0,1,0
27,0,1,0,1,0,0,0,0,0,1,1,1,0,1,0,1,1,0,0,0,1,0,0,0,0,1
27,1,0,0,1,0,0,0,0,1,1,1,1,0,0,0,0,0,0,0,1,0,1,0,1,1,1
27,1,1,0,0,0,1,1,1,0,1,1,0,1,0,0,0,0,0,1,1,0,0,0,1,1,0
27,0,0,0,1,1,0,1,1,1,1,0,0,1,0,1,1,1,1,0,0,0,0,1,0,0,0
27,0,1,1,0,0,1,0,0,1,0,1,0,0,0,1,0,0,0,1,1,1,1,1,0,1,0
27,1,0,1,0,0,1,0,0,1,0,0,1,0,0,0,1,1,0,1,1,1,0,1,1,0,0
27,1,0,1,0,1,0,1,1,0,0,0,0,1,0,1,0,1,1,0,1,0,0,1,0,0,0
27,0,0,1,1,0,1,1,0,0,0,1,0,1,1,1,0,1,0,1,0,1,0,1,0,0,1
27,0,1,1,1,1,0,0,0,0,0,1,1,0,1,0,0,1,0,0,1,1,1,0,1,0,1
27,1,0,0,0,0,1,0,1,1,0,1,1,1,1,0,1,0,1,0,0,0,1,1,1,0,0
27,1,1,1,0,1,1,1,0,1,1,0,0,1,0,0,0,0,0,0,0,0,0,1,1,0,0
27,0,1,0,1,1,1,1,0,0,1,1,1,0,0,1,0,0,0,1,0,0,1,1,0,1,1
27,1,1,1,1,1,0,0,0,0,0,0,1,0,0,1,0,1,1,1,1,0,1,0,1,0,1
27,1,0,0,0,1,0,1,1,1,0,0,1,1,1,1,0,0,0,1,0,1,1,1,0,1,0
27,0,0,0,1,0,0,1,1,0,0,1,0,0,0,1,0,0,0,1,1,1,0,1,1,0,1
27,1,0,0,0,1,0,0,0,1,1,1,0,0,0,0,1,1,1,0,1,0,0,1,0,0,1
27,0,0,0,0,0,0,1,1,1,0,0,0,0,1,0,0,1,1,1,1,0,0,0,1,0,0
27,1,1,1,1,0,0,0,0,0,0,0,0,1,1,0,0,1,0,1,1,0,1,0,1,1,1
27,0,0,1,1,0,1,1,0,0,0,0,1,1,1,0,0,1,1,0,0,1,0,1,0,0,1
27,0,0,1,0,0,0,0,1,1,0,0,1,0,1,0,1,0,1,1,0,1,1,1,0,0,0
27,1,1,1,0,1,0,1,0,0,0,0,0,0,1,0,0,1,1,0,1,0,1,0,1,0,1
27,0,0,0,1,0,0,0,0,1,0,1,1,1,0,0,1,0,0,1,0,0,1,1,1,1,0
27,0,1,1,1,0,1,0,1,0,1,0,0,1,1,1,0,0,1,0,0,1,1,0,1,0,0
27,1,0,0,1,1,0,1,0,0,1,0,1,1,1,0,0,1,1,0,0,1,0,0,0,1,0
27,0,1,0,0,1,0,1,1,0,0,0,0,1,1,1,1,1,1,0,0,1,0,1,0,0,1
27,1,1,0,1,0,1,0,0,1,0,0,0,1,0,0,0,0,0,0,1,1,0,1,1,0,1
27,1,1,1,1,1,0,0,0,0,0,0,1,0,0,0,1,0,1,1,1,0,0,0,1,0,0
27,1,1,0,0,0,1,1,1,1,1,0,1,1,1,0,1,1,0,0,0,0,0,0,0,0,1
27,0,0,0,1,1,0,0,1,1,0,1,0,0,0,1,1,0,0,0,1,0,0,1,1,0,1
27,1,1,1,1,1,1,1,1,1,1,1,1,1,1,1,1,1,1,1,1,1,1,1,1,1,1
27,0,1,0,1,1,1,0,1,1,0,0,0,1,0,0,1,0,0,1,0,1,0,1,1,1,1
27,0,0,1,0,0,1,0,0,1,0,1,0,0,0,1,1,0,1,1,1,0,1,0,0,1,0
27,1,1,0,0,0,0,0,0,1,1,0,1,1,0,0,1,0,0,0,0,0,0,0,1,1,1
27,1,0,0,1,0,0,0,0,0,0,1,0,0,1,0,1,0,1,0,0,1,0,1,1,1,1
27,1,1,0,0,1,1,0,0,0,1,0,0,0,0,1,0,1,0,1,0,1,0,0,0,1,1
27,0,0,1,0,0,0,1,1,1,1,0,0,1,1,0,0,0,1,0,1,0,0,1,0,0,1
27,1,1,0,0,1,0,0,1,0,0,0,0,1,1,0,0,1,1,1,0,0,0,0,1,1,1
27,1,0,1,1,0,0,1,1,1,1,0,1,0,0,0,1,1,0,0,1,1,1,1,0,0,0
27,0,0,0,0,0,0,1,1,1,0,1,1,1,1,0,0,1,0,0,0,0,0,1,1,1,1
27,1,1,0,1,1,0,0,0,1,0,0,1,0,0,1,1,0,0,0,0,0,1,1,1,1,1
27,0,0,1,0,0,0,1,0,0,0,1,1,0,0,1,0,1,1,1,0,0,0,0,1,0,1
27,0,1,1,1,0,0,1,1,0,1,1,0,0,1,1,0,0,0,1,1,1,0,0,0,1,1
27,0,0,0,1,0,1,0,0,1,1,1,0,1,1,0,0,1,1,0,1,1,1,0,0,0,0
27,0,0,0,1,1,1,0,1,0,1,1,1,0,0,0,0,0,1,0,1,0,0,1,1,1,1
27,1,0,0,0,1,1,0,0,1,0,1,0,1,1,0,0,0,1,1,0,1,1,1,0,0,0
27,1,1,1,0,0,1,0,0,1,1,0,1,1,0,0,0,0,1,0,1,0,1,0,0,1,0
7,0,1,0,0,1,1,0,1,1,1,0,0,0,1,1,0,0,0,1,0,0,0,0,1,0,1
7,1,0,0,1,1,0,1,1,0,1,0,0,1,0,0,1,0,0,1,1,0,1,0,1,1,0
7,0,0,1,1,1,0,0,0,1,1,1,0,1,0,1,1,1,1,0,0,0,0,1,0,1,0
7,0,1,1,0,0,1,0,0,1,0,1,0,0,1,1,0,1,1,0,1,0,0,0,0,1,1
7,1,1,0,0,0,0,0,0,1,0,1,0,0,0,1,0,0,1,0,0,1,1,1,0,1,0
7,0,1,0,1,0,0,0,0,0,1,1,1,0,1,0,1,1,0,0,0,1,0,0,0,0,1
7,1,0,0,1,0,0,0,0,1,1,1,1,0,0,0,0,0,0,0,1,0,1,0,1,1,1
7,1,1,0,0,0,1,1,1,0,1,1,0,1,0,0,0,0,0,1,1,0,0,0,1,1,0
7,0,0,0,1,1,0,1,1,1,1,0,0,1,0,1,1,1,1,0,0,0,0,1,0,0,0
7,0,1,1,0,0,1,0,0,1,0,1,0,0,0,1,0,0,0,1,1,1,1,1,0,1,0
7,1,0,1,0,0,1,0,0,1,0,0,1,0,0,0,1,1,0,1,1,1,0,1,1,0,0
7,1,0,1,0,1,0,1,1,0,0,0,0,1,0,1,0,1,1,0,1,0,0,1,0,0,0
7,0,0,1,1,0,1,1,0,0,0,1,0,1,1,1,0,1,0,1,0,1,0,1,0,0,1
7,0,1,1,1,1,0,0,0,0,0,1,1,0,1,0,0,1,0,0,1,1,1,0,1,0,1
7,1,0,0,0,0,1,0,1,1,0,1,1,1,1,0,1,0,1,0,0,0,1,1,1,0,0
7,1,1,1,0,1,1,1,0,1,1,0,0,1,0,0,0,0,0,0,0,0,0,1,1,0,0
7,0,1,0,1,1,1,1,0,0,1,1,1,0,0,1,0,0,0,1,0,0,1,1,0,1,1
7,1,1,1,1,1,0,0,0,0,0,0,1,0,0,1,0,1,1,1,1,0,1,0,1,0,1
7,1,0,0,0,1,0,1,1,1,0,0,1,1,1,1,0,0,0,1,0,1,1,1,0,1,0
7,0,0,0,1,0,0,1,1,0,0,1,0,0,0,1,0,0,0,1,1,1,0,1,1,0,1
7,1,0,0,0,1,0,0,0,1,1,1,0,0,0,0,1,1,1,0,1,0,0,1,0,0,1
7,0,0,0,0,0,0,1,1,1,0,0,0,0,1,0,0,1,1,1,1,0,0,0,1,0,0
7,1,1,1,1,0,0,0,0,0,0,0,0,1,1,0,0,1,0,1,1,0,1,0,1,1,1
7,0,0,1,1,0,1,1,0,0,0,0,1,1,1,0,0,1,1,0,0,1,0,1,0,0,1
7,0,0,1,0,0,0,0,1,1,0,0,1,0,1,0,1,0,1,1,0,1,1,1,0,0,0
7,1,1,1,0,1,0,1,0,0,0,0,0,0,1,0,0,1,1,0,1,0,1,0,1,0,1
7,0,0,0,1,0,0,0,0,1,0,1,1,1,0,0,1,0,0,1,0,0,1,1,1,1,0
7,0,1,1,1,0,1,0,1,0,1,0,0,1,1,1,0,0,1,0,0,1,1,0,1,0,0
7,1,0,0,1,1,0,1,0,0,1,0,1,1,1,0,0,1,1,0,0,1,0,0,0,1,0
7,0,1,0,0,1,0,1,1,0,0,0,0,1,1,1,1,1,1,0,0,1,0,1,0,0,1
7,1,1,0,1,0,1,0,0,1,0,0,0,1,0,0,0,0,0,0,1,1,0,1,1,0,1
7,1,1,1,1,1,0,0,0,0,0,0,1,0,0,0,1,0,1,1,1,0,0,0,1,0,0
7,1,1,0,0,0,1,1,1,1,1,0,1,1,1,0,1,1,0,0,0,0,0,0,0,0,1
7,0,0,0,1,1,0,0,1,1,0,1,0,0,0,1,1,0,0,0,1,0,0,1,1,0,1
7,1,1,1,1,1,1,1,1,1,1,1,1,1,1,1,1,1,1,1,1,1,1,1,1,1,1
7,0,1,0,1,1,1,0,1,1,0,0,0,1,0,0,1,0,0,1,0,1,0,1,1,1,1
7,0,0,1,0,0,1,0,0,1,0,1,0,0,0,1,1,0,1,1,1,0,1,0,0,1,0
7,1,1,0,0,0,0,0,0,1,1,0,1,1,0,0,1,0,0,0,0,0,0,0,1,1,1
7,1,0,0,1,0,0,0,0,0,0,1,0,0,1,0,1,0,1,0,0,1,0,1,1,1,1
7,1,1,0,0,1,1,0,0,0,1,0,0,0,0,1,0,1,0,1,0,1,0,0,0,1,1
7,0,0,1,0,0,0,1,1,1,1,0,0,1,1,0,0,0,1,0,1,0,0,1,0,0,1
7,1,1,0,0,1,0,0,1,0,0,0,0,1,1,0,0,1,1,1,0,0,0,0,1,1,1
7,1,0,1,1,0,0,1,1,1,1,0,1,0,0,0,1,1,0,0,1,1,1,1,0,0,0
7,0,0,0,0,0,0,1,1,1,0,1,1,1,1,0,0,1,0,0,0,0,0,1,1,1,1
7,1,1,0,1,1,0,0,0,1,0,0,1,0,0,1,1,0,0,0,0,0,1,1,1,1,1
7,0,0,1,0,0,0,1,0,0,0,1,1,0,0,1,0,1,1,1,0,0,0,0,1,0,1
7,0,1,1,1,0,0,1,1,0,1,1,0,0,1,1,0,0,0,1,1,1,0,0,0,1,1
7,0,0,0,1,0,1,0,0,1,1,1,0,1,1,0,0,1,1,0,1,1,1,0,0,0,0
7,0,0,0,1,1,1,0,1,0,1,1,1,0,0,0,0,0,1,0,1,0,0,1,1,1,1
7,1,0,0,0,1,1,0,0,1,0,1,0,1,1,0,0,0,1,1,0,1,1,1,0,0,0
7,1,1,1,0,0,1,0,0,1,1,0,1,1,0,0,0,0,1,0,1,0,1,0,0,1,0
2,0,1,0,0,1,1,0,1,1,1,0,0,0,1,1,0,0,0,1,0,0,0,0,1,0,1
2,1,0,0,1,1,0,1,1,0,1,0,0,1,0,0,1,0,0,1,1,0,1,0,1,1,0
2,0,0,1,1,1,0,0,0,1,1,1,0,1,0,1,1,1,1,0,0,0,0,1,0,1,0
2,0,1,1,0,0,1,0,0,1,0,1,0,0,1,1,0,1,1,0,1,0,0,0,0,1,1
2,1,1,0,0,0,0,0,0,1,0,1,0,0,0,1,0,0,1,0,0,1,1,1,0,1,0
2,0,1,0,1,0,0,0,0,0,1,1,1,0,1,0,1,1,0,0,0,1,0,0,0,0,1
2,1,0,0,1,0,0,0,0,1,1,1,1,0,0,0,0,0,0,0,1,0,1,0,1,1,1
2,1,1,0,0,0,1,1,1,0,1,1,0,1,0,0,0,0,0,1,1,0,0,0,1,1,0
2,0,0,0,1,1,0,1,1,1,1,0,0,1,0,1,1,1,1,0,0,0,0,1,0,0,0
2,0,1,1,0,0,1,0,0,1,0,1,0,0,0,1,0,0,0,1,1,1,1,1,0,1,0
2,1,0,1,0,0,1,0,0,1,0,0,1,0,0,0,1,1,0,1,1,1,0,1,1,0,0
2,1,0,1,0,1,0,1,1,0,0,0,0,1,0,1,0,1,1,0,1,0,0,1,0,0,0
2,0,0,1,1,0,1,1,0,0,0,1,0,1,1,1,0,1,0,1,0,1,0,1,0,0,1
2,0,1,1,1,1,0,0,0,0,0,1,1,0,1,0,0,1,0,0,1,1,1,0,1,0,1
2,1,0,0,0,0,1,0,1,1,0,1,1,1,1,0,1,0,1,0,0,0,1,1,1,0,0
2,1,1,1,0,1,1,1,0,1,1,0,0,1,0,0,0,0,0,0,0,0,0,1,1,0,0
2,0,1,0,1,1,1,1,0,0,1,1,1,0,0,1,0,0,0,1,0,0,1,1,0,1,1
2,1,1,1,1,1,0,0,0,0,0,0,1,0,0,1,0,1,1,1,1,0,1,0,1,0,1
2,1,0,0,0,1,0,1,1,1,0,0,1,1,1,1,0,0,0,1,0,1,1,1,0,1,0
2,0,0,0,1,0,0,1,1,0,0,1,0,0,0,1,0,0,0,1,1,1,0,1,1,0,1
2,1,0,0,0,1,0,0,0,1,1,1,0,0,0,0,1,1,1,0,1,0,0,1,0,0,1
2,0,0,0,0,0,0,1,1,1,0,0,0,0,1,0,0,1,1,1,1,0,0,0,1,0,0
2,1,1,1,1,0,0,0,0,0,0,0,0,1,1,0,0,1,0,1,1,0,1,0,1,1,1
2,0,0,1,1,0,1,1,0,0,0,0,1,1,1,0,0,1,1,0,0,1,0,1,0,0,1
2,0,0,1,0,0,0,0,1,1,0,0,1,0,1,0,1,0,1,1,0,1,1,1,0,0,0
2,1,1,1,0,1,0,1,0,0,0,0,0,0,1,0,0,1,1,0,1,0,1,0,1,0,1
2,0,0,0,1,0,0,0,0,1,0,1,1,1,0,0,1,0,0,1,0,0,1,1,1,1,0
2,0,1,1,1,0,1,0,1,0,1,0,0,1,1,1,0,0,1,0,0,1,1,0,1,0,0
2,1,0,0,1,1,0,1,0,0,1,0,1,1,1,0,0,1,1,0,0,1,0,0,0,1,0
2,0,1,0,0,1,0,1,1,0,0,0,0,1,1,1,1,1,1,0,0,1,0,1,0,0,1
2,1,1,0,1,0,1,0,0,1,0,0,0,1,0,0,0,0,0,0,1,1,0,1,1,0,1
2,1,1,1,1,1,0,0,0,0,0,0,1,0,0,0,1,0,1,1,1,0,0,0,1,0,0
2,1,1,0,0,0,1,1,1,1,1,0,1,1,1,0,1,1,0,0,0,0,0,0,0,0,1
2,0,0,0,1,1,0,0,1,1,0,1,0,0,0,1,1,0,0,0,1,0,0,1,1,0,1
2,1,1,1,1,1,1,1,1,1,1,1,1,1,1,1,1,1,1,1,1,1,1,1,1,1,1
2,0,1,0,1,1,1,0,1,1,0,0,0,1,0,0,1,0,0,1,0,1,0,1,1,1,1
2,0,0,1,0,0,1,0,0,1,0,1,0,0,0,1,1,0,1,1,1,0,1,0,0,1,0
2,1,1,0,0,0,0,0,0,1,1,0,1,1,0,0,1,0,0,0,0,0,0,0,1,1,1
2,1,0,0,1,0,0,0,0,0,0,1,0,0,1,0,1,0,1,0,0,1,0,1,1,1,1
2,1,1,0,0,1,1,0,0,0,1,0,0,0,0,1,0,1,0,1,0,1,0,0,0,1,1
2,0,0,1,0,0,0,1,1,1,1,0,0,1,1,0,0,0,1,0,1,0,0,1,0,0,1
2,1,1,0,0,1,0,0,1,0,0,0,0,1,1,0,0,1,1,1,0,0,0,0,1,1,1
2,1,0,1,1,0,0,1,1,1,1,0,1,0,0,0,1,1,0,0,1,1,1,1,0,0,0
2,0,0,0,0,0,0,1,1,1,0,1,1,1,1,0,0,1,0,0,0,0,0,1,1,1,1
2,1,1,0,1,1,0,0,0,1,0,0,1,0,0,1,1,0,0,0,0,0,1,1,1,1,1
2,0,0,1,0,0,0,1,0,0,0,1,1,0,0,1,0,1,1,1,0,0,0,0,1,0,1
2,0,1,1,1,0,0,1,1,0,1,1,0,0,1,1,0,0,0,1,1,1,0,0,0,1,1
2,0,0,0,1,0,1,0,0,1,1,1,0,1,1,0,0,1,1,0,1,1,1,0,0,0,0
2,0,0,0,1,1,1,0,1,0,1,1,1,0,0,0,0,0,1,0,1,0,0,1,1,1,1
2,1,0,0,0,1,1,0,0,1,0,1,0,1,1,0,0,0,1,1,0,1,1,1,0,0,0
2,1,1,1,0,0,1,0,0,1,1,0,1,1,0,0,0,0,1,0,1,0,1,0,0,1,0
22,0,1,0,0,1,1,0,1,1,1,0,0,0,1,1,0,0,0,1,0,0,0,0,1,0,1
22,1,0,0,1,1,0,1,1,0,1,0,0,1,0,0,1,0,0,1,1,0,1,0,1,1,0
22,0,0,1,1,1,0,0,0,1,1,1,0,1,0,1,1,1,1,0,0,0,0,1,0,1,0
22,0,1,1,0,0,1,0,0,1,0,1,0,0,1,1,0,1,1,0,1,0,0,0,0,1,1
22,1,1,0,0,0,0,0,0,1,0,1,0,0,0,1,0,0,1,0,0,1,1,1,0,1,0
22,0,1,0,1,0,0,0,0,0,1,1,1,0,1,0,1,1,0,0,0,1,0,0,0,0,1
22,1,0,0,1,0,0,0,0,1,1,1,1,0,0,0,0,0,0,0,1,0,1,0,1,1,1
22,1,1,0,0,0,1,1,1,0,1,1,0,1,0,0,0,0,0,1,1,0,0,0,1,1,0
22,0,0,0,1,1,0,1,1,1,1,0,0,1,0,1,1,1,1,0,0,0,0,1,0,0,0
22,0,1,1,0,0,1,0,0,1,0,1,0,0,0,1,0,0,0,1,1,1,1,1,0,1,0
22,1,0,1,0,0,1,0,0,1,0,0,1,0,0,0,1,1,0,1,1,1,0,1,1,0,0
22,1,0,1,0,1,0,1,1,0,0,0,0,1,0,1,0,1,1,0,1,0,0,1,0,0,0
22,0,0,1,1,0,1,1,0,0,0,1,0,1,1,1,0,1,0,1,0,1,0,1,0,0,1
22,0,1,1,1,1,0,0,0,0,0,1,1,0,1,0,0,1,0,0,1,1,1,0,1,0,1
22,1,0,0,0,0,1,0,1,1,0,1,1,1,1,0,1,0,1,0,0,0,1,1,1,0,0
22,1,1,1,0,1,1,1,0,1,1,0,0,1,0,0,0,0,0,0,0,0,0,1,1,0,0
22,0,1,0,1,1,1,1,0,0,1,1,1,0,0,1,0,0,0,1,0,0,1,1,0,1,1
22,1,1,1,1,1,0,0,0,0,0,0,1,0,0,1,0,1,1,1,1,0,1,0,1,0,1
22,1,0,0,0,1,0,1,1,1,0,0,1,1,1,1,0,0,0,1,0,1,1,1,0,1,0
22,0,0,0,1,0,0,1,1,0,0,1,0,0,0,1,0,0,0,1,1,1,0,1,1,0,1
22,1,0,0,0,1,0,0,0,1,1,1,0,0,0,0,1,1,1,0,1,0,0,1,0,0,1
22,0,0,0,0,0,0,1,1,1,0,0,0,0,1,0,0,1,1,1,1,0,0,0,1,0,0
22,1,1,1,1,0,0,0,0,0,0,0,0,1,1,0,0,1,0,1,1,0,1,0,1,1,1
22,0,0,1,1,0,1,1,0,0,0,0,1,1,1,0,0,1,1,0,0,1,0,1,0,0,1
22,0,0,1,0,0,0,0,1,1,0,0,1,0,1,0,1,0,1,1,0,1,1,1,0,0,0
22,1,1,1,0,1,0,1,0,0,0,0,0,0,1,0,0,1,1,0,1,0,1,0,1,0,1
22,0,0,0,1,0,0,0,0,1,0,1,1,1,0,0,1,0,0,1,0,0,1,1,1,1,0
22,0,1,1,1,0,1,0,1,0,1,0,0,1,1,1,0,0,1,0,0,1,1,0,1,0,0
22,1,0,0,1,1,0,1,0,0,1,0,1,1,1,0,0,1,1,0,0,1,0,0,0,1,0
22,0,1,0,0,1,0,1,1,0,0,0,0,1,1,1,1,1,1,0,0,1,0,1,0,0,1
22,1,1,0,1,0,1,0,0,1,0,0,0,1,0,0,0,0,0,0,1,1,0,1,1,0,1
22,1,1,1,1,1,0,0,0,0,0,0,1,0,0,0,1,0,1,1,1,0,0,0,1,0,0
22,1,1,0,0,0,1,1,1,1,1,0,1,1,1,0,1,1,0,0,0,0,0,0,0,0,1
22,0,0,0,1,1,0,0,1,1,0,1,0,0,0,1,1,0,0,0,1,0,0,1,1,0,1
22,1,1,1,1,1,1,1,1,1,1,1,1,1,1,1,1,1,1,1,1,1,1,1,1,1,1
22,0,1,0,1,1,1,0,1,1,0,0,0,1,0,0,1,0,0,1,0,1,0,1,1,1,1
22,0,0,1,0,0,1,0,0,1,0,1,0,0,0,1,1,0,1,1,1,0,1,0,0,1,0
22,1,1,0,0,0,0,0,0,1,1,0,1,1,0,0,1,0,0,0,0,0,0,0,1,1,1
22,1,0,0,1,0,0,0,0,0,0,1,0,0,1,0,1,0,1,0,0,1,0,1,1,1,1
22,1,1,0,0,1,1,0,0,0,1,0,0,0,0,1,0,1,0,1,0,1,0,0,0,1,1
22,0,0,1,0,0,0,1,1,1,1,0,0,1,1,0,0,0,1,0,1,0,0,1,0,0,1
22,1,1,0,0,1,0,0,1,0,0,0,0,1,1,0,0,1,1,1,0,0,0,0,1,1,1
22,1,0,1,1,0,0,1,1,1,1,0,1,0,0,0,1,1,0,0,1,1,1,1,0,0,0
22,0,0,0,0,0,0,1,1,1,0,1,1,1,1,0,0,1,0,0,0,0,0,1,1,1,1
22,1,1,0,1,1,0,0,0,1,0,0,1,0,0,1,1,0,0,0,0,0,1,1,1,1,1
22,0,0,1,0,0,0,1,0,0,0,1,1,0,0,1,0,1,1,1,0,0,0,0,1,0,1
22,0,1,1,1,0,0,1,1,0,1,1,0,0,1,1,0,0,0,1,1,1,0,0,0,1,1
22,0,0,0,1,0,1,0,0,1,1,1,0,1,1,0,0,1,1,0,1,1,1,0,0,0,0
22,0,0,0,1,1,1,0,1,0,1,1,1,0,0,0,0,0,1,0,1,0,0,1,1,1,1
22,1,0,0,0,1,1,0,0,1,0,1,0,1,1,0,0,0,1,1,0,1,1,1,0,0,0
22,1,1,1,0,0,1,0,0,1,1,0,1,1,0,0,0,0,1,0,1,0,1,0,0,1,0
24,0,1,0,0,1,1,0,1,1,1,0,0,0,1,1,0,0,0,1,0,0,0,0,1,0,1
24,1,0,0,1,1,0,1,1,0,1,0,0,1,0,0,1,0,0,1,1,0,1,0,1,1,0
24,0,0,1,1,1,0,0,0,1,1,1,0,1,0,1,1,1,1,0,0,0,0,1,0,1,0
24,0,1,1,0,0,1,0,0,1,0,1,0,0,1,1,0,1,1,0,1,0,0,0,0,1,1
24,1,1,0,0,0,0,0,0,1,0,1,0,0,0,1,0,0,1,0,0,1,1,1,0,1,0
24,0,1,0,1,0,0,0,0,0,1,1,1,0,1,0,1,1,0,0,0,1,0,0,0,0,1
24,1,0,0,1,0,0,0,0,1,1,1,1,0,0,0,0,0,0,0,1,0,1,0,1,1,1
24,1,1,0,0,0,1,1,1,0,1,1,0,1,0,0,0,0,0,1,1,0,0,0,1,1,0
24,0,0,0,1,1,0,1,1,1,1,0,0,1,0,1,1,1,1,0,0,0,0,1,0,0,0
24,0,1,1,0,0,1,0,0,1,0,1,0,0,0,1,0,0,0,1,1,1,1,1,0,1,0
24,1,0,1,0,0,1,0,0,1,0,0,1,0,0,0,1,1,0,1,1,1,0,1,1,0,0
24,1,0,1,0,1,0,1,1,0,0,0,0,1,0,1,0,1,1,0,1,0,0,1,0,0,0
24,0,0,1,1,0,1,1,0,0,0,1,0,1,1,1,0,1,0,1,0,1,0,1,0,0,1
24,0,1,1,1,1,0,0,0,0,0,1,1,0,1,0,0,1,0,0,1,1,1,0,1,0,1
24,1,0,0,0,0,1,0,1,1,0,1,1,1,1,0,1,0,1,0,0,0,1,1,1,0,0
24,1,1,1,0,1,1,1,0,1,1,0,0,1,0,0,0,0,0,0,0,0,0,1,1,0,0
24,0,1,0,1,1,1,1,0,0,1,1,1,0,0,1,0,0,0,1,0,0,1,1,0,1,1
24,1,1,1,1,1,0,0,0,0,0,0,1,0,0,1,0,1,1,1,1,0,1,0,1,0,1
24,1,0,0,0,1,0,1,1,1,0,0,1,1,1,1,0,0,0,1,0,1,1,1,0,1,0
24,0,0,0,1,0,0,1,1,0,0,1,0,0,0,1,0,0,0,1,1,1,0,1,1,0,1
24,1,0,0,0,1,0,0,0,1,1,1,0,0,0,0,1,1,1,0,1,0,0,1,0,0,1
24,0,0,0,0,0,0,1,1,1,0,0,0,0,1,0,0,1,1,1,1,0,0,0,1,0,0
24,1,1,1,1,0,0,0,0,0,0,0,0,1,1,0,0,1,0,1,1,0,1,0,1,1,1
24,0,0,1,1,0,1,1,0,0,0,0,1,1,1,0,0,1,1,0,0,1,0,1,0,0,1
24,0,0,1,0,0,0,0,1,1,0,0,1,0,1,0,1,0,1,1,0,1,1,1,0,0,0
24,1,1,1,0,1,0,1,0,0,0,0,0,0,1,0,0,1,1,0,1,0,1,0,1,0,1
24,0,0,0,1,0,0,0,0,1,0,1,1,1,0,0,1,0,0,1,0,0,1,1,1,1,0
24,0,1,1,1,0,1,0,1,0,1,0,0,1,1,1,0,0,1,0,0,1,1,0,1,0,0
24,1,0,0,1,1,0,1,0,0,1,0,1,1,1,0,0,1,1,0,0,1,0,0,0,1,0
24,0,1,0,0,1,0,1,1,0,0,0,0,1,1,1,1,1,1,0,0,1,0,1,0,0,1
24,1,1,0,1,0,1,0,0,1,0,0,0,1,0,0,0,0,0,0,1,1,0,1,1,0,1
24,1,1,1,1,1,0,0,0,0,0,0,1,0,0,0,1,0,1,1,1,0,0,0,1,0,0
24,1,1,0,0,0,1,1,1,1,1,0,1,1,1,0,1,1,0,0,0,0,0,0,0,0,1
24,0,0,0,1,1,0,0,1,1,0,1,0,0,0,1,1,0,0,0,1,0,0,1,1,0,1
24,1,1,1,1,1,1,1,1,1,1,1,1,1,1,1,1,1,1,1,1,1,1,1,1,1,1
24,0,1,0,1,1,1,0,1,1,0,0,0,1,0,0,1,0,0,1,0,1,0,1,1,1,1
24,0,0,1,0,0,1,0,0,1,0,1,0,0,0,1,1,0,1,1,1,0,1,0,0,1,0
24,1,1,0,0,0,0,0,0,1,1,0,1,1,0,0,1,0,0,0,0,0,0,0,1,1,1
24,1,0,0,1,0,0,0,0,0,0,1,0,0,1,0,1,0,1,0,0,1,0,1,1,1,1
24,1,1,0,0,1,1,0,0,0,1,0,0,0,0,1,0,1,0,1,0,1,0,0,0,1,1
24,0,0,1,0,0,0,1,1,1,1,0,0,1,1,0,0,0,1,0,1,0,0,1,0,0,1
24,1,1,0,0,1,0,0,1,0,0,0,0,1,1,0,0,1,1,1,0,0,0,0,1,1,1
24,1,0,1,1,0,0,1,1,1,1,0,1,0,0,0,1,1,0,0,1,1,1,1,0,0,0
24,0,0,0,0,0,0,1,1,1,0,1,1,1,1,0,0,1,0,0,0,0,0,1,1,1,1
24,1,1,0,1,1,0,0,0,1,0,0,1,0,0,1,1,0,0,0,0,0,1,1,1,1,1
24,0,0,1,0,0,0,1,0,0,0,1,1,0,0,1,0,1,1,1,0,0,0,0,1,0,1
24,0,1,1,1,0,0,1,1,0,1,1,0,0,1,1,0,0,0,1,1,1,0,0,0,1,1
24,0,0,0,1,0,1,0,0,1,1,1,0,1,1,0,0,1,1,0,1,1,1,0,0,0,0
24,0,0,0,1,1,1,0,1,0,1,1,1,0,0,0,0,0,1,0,1,0,0,1,1,1,1
24,1,0,0,0,1,1,0,0,1,0,1,0,1,1,0,0,0,1,1,0,1,1,1,0,0,0
24,1,1,1,0,0,1,0,0,1,1,0,1,1,0,0,0,0,1,0,1,0,1,0,0,1,0
21,0,1,0,0,1,1,0,1,1,1,0,0,0,1,1,0,0,0,1,0,0,0,0,1,0,1
21,1,0,0,1,1,0,1,1,0,1,0,0,1,0,0,1,0,0,1,1,0,1,0,1,1,0
21,0,0,1,1,1,0,0,0,1,1,1,0,1,0,1,1,1,1,0,0,0,0,1,0,1,0
21,0,1,1,0,0,1,0,0,1,0,1,0,0,1,1,0,1,1,0,1,0,0,0,0,1,1
21,1,1,0,0,0,0,0,0,1,0,1,0,0,0,1,0,0,1,0,0,1,1,1,0,1,0
21,0,1,0,1,0,0,0,0,0,1,1,1,0,1,0,1,1,0,0,0,1,0,0,0,0,1
21,1,0,0,1,0,0,0,0,1,1,1,1,0,0,0,0,0,0,0,1,0,1,0,1,1,1
21,1,1,0,0,0,1,1,1,0,1,1,0,1,0,0,0,0,0,1,1,0,0,0,1,1,0
21,0,0,0,1,1,0,1,1,1,1,0,0,1,0,1,1,1,1,0,0,0,0,1,0,0,0
21,0,1,1,0,0,1,0,0,1,0,1,0,0,0,1,0,0,0,1,1,1,1,1,0,1,0
21,1,0,1,0,0,1,0,0,1,0,0,1,0,0,0,1,1,0,1,1,1,0,1,1,0,0
21,1,0,1,0,1,0,1,1,0,0,0,0,1,0,1,0,1,1,0,1,0,0,1,0,0,0
21,0,0,1,1,0,1,1,0,0,0,1,0,1,1,1,0,1,0,1,0,1,0,1,0,0,1
21,0,1,1,1,1,0,0,0,0,0,1,1,0,1,0,0,1,0,0,1,1,1,0,1,0,1
21,1,0,0,0,0,1,0,1,1,0,1,1,1,1,0,1,0,1,0,0,0,1,1,1,0,0
21,1,1,1,0,1,1,1,0,1,1,0,0,1,0,0,0,0,0,0,0,0,0,1,1,0,0
21,0,1,0,1,1,1,1,0,0,1,1,1,0,0,1,0,0,0,1,0,0,1,1,0,1,1
21,1,1,1,1,1,0,0,0,0,0,0,1,0,0,1,0,1,1,1,1,0,1,0,1,0,1
21,1,0,0,0,1,0,1,1,1,0,0,1,1,1,1,0,0,0,1,0,1,1,1,0,1,0
21,0,0,0,1,0,0,1,1,0,0,1,0,0,0,1,0,0,0,1,1,1,0,1,1,0,1
21,1,0,0,0,1,0,0,0,1,1,1,0,0,0,0,1,1,1,0,1,0,0,1,0,0,1
21,0,0,0,0,0,0,1,1,1,0,0,0,0,1,0,0,1,1,1,1,0,0,0,1,0,0
21,1,1,1,1,0,0,0,0,0,0,0,0,1,1,0,0,1,0,1,1,0,1,0,1,1,1
21,0,0,1,1,0,1,1,0,0,0,0,1,1,1,0,0,1,1,0,0,1,0,1,0,0,1
21,0,0,1,0,0,0,0,1,1,0,0,1,0,1,0,1,0,1,1,0,1,1,1,0,0,0
21,1,1,1,0,1,0,1,0,0,0,0,0,0,1,0,0,1,1,0,1,0,1,0,1,0,1
21,0,0,0,1,0,0,0,0,1,0,1,1,1,0,0,1,0,0,1,0,0,1,1,1,1,0
21,0,1,1,1,0,1,0,1,0,1,0,0,1,1,1,0,0,1,0,0,1,1,0,1,0,0
21,1,0,0,1,1,0,1,0,0,1,0,1,1,1,0,0,1,1,0,0,1,0,0,0,1,0
21,0,1,0,0,1,0,1,1,0,0,0,0,1,1,1,1,1,1,0,0,1,0,1,0,0,1
21,1,1,0,1,0,1,0,0,1,0,0,0,1,0,0,0,0,0,0,1,1,0,1,1,0,1
21,1,1,1,1,1,0,0,0,0,0,0,1,0,0,0,1,0,1,1,1,0,0,0,1,0,0
21,1,1,0,0,0,1,1,1,1,1,0,1,1,1,0,1,1,0,0,0,0,0,0,0,0,1
21,0,0,0,1,1,0,0,1,1,0,1,0,0,0,1,1,0,0,0,1,0,0,1,1,0,1
21,1,1,1,1,1,1,1,1,1,1,1,1,1,1,1,1,1,1,1,1,1,1,1,1,1,1
21,0,1,0,1,1,1,0,1,1,0,0,0,1,0,0,1,0,0,1,0,1,0,1,1,1,1
21,0,0,1,0,0,1,0,0,1,0,1,0,0,0,1,1,0,1,1,1,0,1,0,0,1,0
21,1,1,0,0,0,0,0,0,1,1,0,1,1,0,0,1,0,0,0,0,0,0,0,1,1,1
21,1,0,0,1,0,0,0,0,0,0,1,0,0,1,0,1,0,1,0,0,1,0,1,1,1,1
21,1,1,0,0,1,1,0,0,0,1,0,0,0,0,1,0,1,0,1,0,1,0,0,0,1,1
21,0,0,1,0,0,0,1,1,1,1,0,0,1,1,0,0,0,1,0,1,0,0,1,0,0,1
21,1,1,0,0,1,0,0,1,0,0,0,0,1,1,0,0,1,1,1,0,0,0,0,1,1,1
21,1,0,1,1,0,0,1,1,1,1,0,1,0,0,0,1,1,0,0,1,1,1,1,0,0,0
21,0,0,0,0,0,0,1,1,1,0,1,1,1,1,0,0,1,0,0,0,0,0,1,1,1,1
21,1,1,0,1,1,0,0,0,1,0,0,1,0,0,1,1,0,0,0,0,0,1,1,1,1,1
21,0,0,1,0,0,0,1,0,0,0,1,1,0,0,1,0,1,1,1,0,0,0,0,1,0,1
21,0,1,1,1,0,0,1,1,0,1,1,0,0,1,1,0,0,0,1,1,1,0,0,0,1,1
21,0,0,0,1,0,1,0,0,1,1,1,0,1,1,0,0,1,1,0,1,1,1,0,0,0,0
21,0,0,0,1,1,1,0,1,0,1,1,1,0,0,0,0,0,1,0,1,0,0,1,1,1,1
21,1,0,0,0,1,1,0,0,1,0,1,0,1,1,0,0,0,1,1,0,1,1,1,0,0,0
21,1,1,1,0,0,1,0,0,1,1,0,1,1,0,0,0,0,1,0,1,0,1,0,0,1,0
8,0,1,0,0,1,1,0,1,1,1,0,0,0,1,1,0,0,0,1,0,0,0,0,1,0,1
8,1,0,0,1,1,0,1,1,0,1,0,0,1,0,0,1,0,0,1,1,0,1,0,1,1,0
8,0,0,1,1,1,0,0,0,1,1,1,0,1,0,1,1,1,1,0,0,0,0,1,0,1,0
8,0,1,1,0,0,1,0,0,1,0,1,0,0,1,1,0,1,1,0,1,0,0,0,0,1,1
8,1,1,0,0,0,0,0,0,1,0,1,0,0,0,1,0,0,1,0,0,1,1,1,0,1,0
8,0,1,0,1,0,0,0,0,0,1,1,1,0,1,0,1,1,0,0,0,1,0,0,0,0,1
8,1,0,0,1,0,0,0,0,1,1,1,1,0,0,0,0,0,0,0,1,0,1,0,1,1,1
8,1,1,0,0,0,1,1,1,0,1,1,0,1,0,0,0,0,0,1,1,0,0,0,1,1,0
8,0,0,0,1,1,0,1,1,1,1,0,0,1,0,1,1,1,1,0,0,0,0,1,0,0,0
8,0,1,1,0,0,1,0,0,1,0,1,0,0,0,1,0,0,0,1,1,1,1,1,0,1,0
8,1,0,1,0,0,1,0,0,1,0,0,1,0,0,0,1,1,0,1,1,1,0,1,1,0,0
8,1,0,1,0,1,0,1,1,0,0,0,0,1,0,1,0,1,1,0,1,0,0,1,0,0,0
8,0,0,1,1,0,1,1,0,0,0,1,0,1,1,1,0,1,0,1,0,1,0,1,0,0,1
8,0,1,1,1,1,0,0,0,0,0,1,1,0,1,0,0,1,0,0,1,1,1,0,1,0,1
8,1,0,0,0,0,1,0,1,1,0,1,1,1,1,0,1,0,1,0,0,0,1,1,1,0,0
8,1,1,1,0,1,1,1,0,1,1,0,0,1,0,0,0,0,0,0,0,0,0,1,1,0,0
8,0,1,0,1,1,1,1,0,0,1,1,1,0,0,1,0,0,0,1,0,0,1,1,0,1,1
8,1,1,1,1,1,0,0,0,0,0,0,1,0,0,1,0,1,1,1,1,0,1,0,1,0,1
8,1,0,0,0,1,0,1,1,1,0,0,1,1,1,1,0,0,0,1,0,1,1,1,0,1,0
8,0,0,0,1,0,0,1,1,0,0,1,0,0,0,1,0,0,0,1,1,1,0,1,1,0,1
8,1,0,0,0,1,0,0,0,1,1,1,0,0,0,0,1,1,1,0,1,0,0,1,0,0,1
8,0,0,0,0,0,0,1,1,1,0,0,0,0,1,0,0,1,1,1,1,0,0,0,1,0,0
8,1,1,1,1,0,0,0,0,0,0,0,0,1,1,0,0,1,0,1,1,0,1,0,1,1,1
8,0,0,1,1,0,1,1,0,0,0,0,1,1,1,0,0,1,1,0,0,1,0,1,0,0,1
8,0,0,1,0,0,0,0,1,1,0,0,1,0,1,0,1,0,1,1,0,1,1,1,0,0,0
8,1,1,1,0,1,0,1,0,0,0,0,0,0,1,0,0,1,1,0,1,0,1,0,1,0,1
8,0,0,0,1,0,0,0,0,1,0,1,1,1,0,0,1,0,0,1,0,0,1,1,1,1,0
8,0,1,1,1,0,1,0,1,0,1,0,0,1,1,1,0,0,1,0,0,1,1,0,1,0,0
8,1,0,0,1,1,0,1,0,0,1,0,1,1,1,0,0,1,1,0,0,1,0,0,0,1,0
8,0,1,0,0,1,0,1,1,0,0,0,0,1,1,1,1,1,1,0,0,1,0,1,0,0,1
8,1,1,0,1,0,1,0,0,1,0,0,0,1,0,0,0,0,0,0,1,1,0,1,1,0,1
8,1,1,1,1,1,0,0,0,0,0,0,1,0,0,0,1,0,1,1,1,0,0,0,1,0,0
8,1,1,0,0,0,1,1,1,1,1,0,1,1,1,0,1,1,0,0,0,0,0,0,0,0,1
8,0,0,0,1,1,0,0,1,1,0,1,0,0,0,1,1,0,0,0,1,0,0,1,1,0,1
8,1,1,1,1,1,1,1,1,1,1,1,1,1,1,1,1,1,1,1,1,1,1,1,1,1,1
8,0,1,0,1,1,1,0,1,1,0,0,0,1,0,0,1,0,0,1,0,1,0,1,1,1,1
8,0,0,1,0,0,1,0,0,1,0,1,0,0,0,1,1,0,1,1,1,0,1,0,0,1,0
8,1,1,0,0,0,0,0,0,1,1,0,1,1,0,0,1,0,0,0,0,0,0,0,1,1,1
8,1,0,0,1,0,0,0,0,0,0,1,0,0,1,0,1,0,1,0,0,1,0,1,1,1,1
8,1,1,0,0,1,1,0,0,0,1,0,0,0,0,1,0,1,0,1,0,1,0,0,0,1,1
8,0,0,1,0,0,0,1,1,1,1,0,0,1,1,0,0,0,1,0,1,0,0,1,0,0,1
8,1,1,0,0,1,0,0,1,0,0,0,0,1,1,0,0,1,1,1,0,0,0,0,1,1,1
8,1,0,1,1,0,0,1,1,1,1,0,1,0,0,0,1,1,0,0,1,1,1,1,0,0,0
8,0,0,0,0,0,0,1,1,1,0,1,1,1,1,0,0,1,0,0,0,0,0,1,1,1,1
8,1,1,0,1,1,0,0,0,1,0,0,1,0,0,1,1,0,0,0,0,0,1,1,1,1,1
8,0,0,1,0,0,0,1,0,0,0,1,1,0,0,1,0,1,1,1,0,0,0,0,1,0,1
8,0,1,1,1,0,0,1,1,0,1,1,0,0,1,1,0,0,0,1,1,1,0,0,0,1,1
8,0,0,0,1,0,1,0,0,1,1,1,0,1,1,0,0,1,1,0,1,1,1,0,0,0,0
8,0,0,0,1,1,1,0,1,0,1,1,1,0,0,0,0,0,1,0,1,0,0,1,1,1,1
8,1,0,0,0,1,1,0,0,1,0,1,0,1,1,0,0,0,1,1,0,1,1,1,0,0,0
8,1,1,1,0,0,1,0,0,1,1,0,1,1,0,0,0,0,1,0,1,0,1,0,0,1,0
33,0,1,0,0,1,1,0,1,1,1,0,0,0,1,1,0,0,0,1,0,0,0,0,1,0,1
33,1,0,0,1,1,0,1,1,0,1,0,0,1,0,0,1,0,0,1,1,0,1,0,1,1,0
33,0,0,1,1,1,0,0,0,1,1,1,0,1,0,1,1,1,1,0,0,0,0,1,0,1,0
33,0,1,1,0,0,1,0,0,1,0,1,0,0,1,1,0,1,1,0,1,0,0,0,0,1,1
33,1,1,0,0,0,0,0,0,1,0,1,0,0,0,1,0,0,1,0,0,1,1,1,0,1,0
33,0,1,0,1,0,0,0,0,0,1,1,1,0,1,0,1,1,0,0,0,1,0,0,0,0,1
33,1,0,0,1,0,0,0,0,1,1,1,1,0,0,0,0,0,0,0,1,0,1,0,1,1,1
33,1,1,0,0,0,1,1,1,0,1,1,0,1,0,0,0,0,0,1,1,0,0,0,1,1,0
33,0,0,0,1,1,0,1,1,1,1,0,0,1,0,1,1,1,1,0,0,0,0,1,0,0,0
33,0,1,1,0,0,1,0,0,1,0,1,0,0,0,1,0,0,0,1,1,1,1,1,0,1,0
33,1,0,1,0,0,1,0,0,1,0,0,1,0,0,0,1,1,0,1,1,1,0,1,1,0,0
33,1,0,1,0,1,0,1,1,0,0,0,0,1,0,1,0,1,1,0,1,0,0,1,0,0,0
33,0,0,1,1,0,1,1,0,0,0,1,0,1,1,1,0,1,0,1,0,1,0,1,0,0,1
33,0,1,1,1,1,0,0,0,0,0,1,1,0,1,0,0,1,0,0,1,1,1,0,1,0,1
33,1,0,0,0,0,1,0,1,1,0,1,1,1,1,0,1,0,1,0,0,0,1,1,1,0,0
33,1,1,1,0,1,1,1,0,1,1,0,0,1,0,0,0,0,0,0,0,0,0,1,1,0,0
33,0,1,0,1,1,1,1,0,0,1,1,1,0,0,1,0,0,0,1,0,0,1,1,0,1,1
33,1,1,1,1,1,0,0,0,0,0,0,1,0,0,1,0,1,1,1,1,0,1,0,1,0,1
33,1,0,0,0,1,0,1,1,1,0,0,1,1,1,1,0,0,0,1,0,1,1,1,0,1,0
33,0,0,0,1,0,0,1,1,0,0,1,0,0,0,1,0,0,0,1,1,1,0,1,1,0,1
33,1,0,0,0,1,0,0,0,1,1,1,0,0,0,0,1,1,1,0,1,0,0,1,0,0,1
33,0,0,0,0,0,0,1,1,1,0,0,0,0,1,0,0,1,1,1,1,0,0,0,1,0,0
33,1,1,1,1,0,0,0,0,0,0,0,0,1,1,0,0,1,0,1,1,0,1,0,1,1,1
33,0,0,1,1,0,1,1,0,0,0,0,1,1,1,0,0,1,1,0,0,1,0,1,0,0,1
33,0,0,1,0,0,0,0,1,1,0,0,1,0,1,0,1,0,1,1,0,1,1,1,0,0,0
33,1,1,1,0,1,0,1,0,0,0,0,0,0,1,0,0,1,1,0,1,0,1,0,1,0,1
33,0,0,0,1,0,0,0,0,1,0,1,1,1,0,0,1,0,0,1,0,0,1,1,1,1,0
33,0,1,1,1,0,1,0,1,0,1,0,0,1,1,1,0,0,1,0,0,1,1,0,1,0,0
33,1,0,0,1,1,0,1,0,0,1,0,1,1,1,0,0,1,1,0,0,1,0,0,0,1,0
33,0,1,0,0,1,0,1,1,0,0,0,0,1,1,1,1,1,1,0,0,1,0,1,0,0,1
33,1,1,0,1,0,1,0,0,1,0,0,0,1,0,0,0,0,0,0,1,1,0,1,1,0,1
33,1,1,1,1,1,0,0,0,0,0,0,1,0,0,0,1,0,1,1,1,0,0,0,1,0,0
33,1,1,0,0,0,1,1,1,1,1,0,1,1,1,0,1,1,0,0,0,0,0,0,0,0,1
33,0,0,0,1,1,0,0,1,1,0,1,0,0,0,1,1,0,0,0,1,0,0,1,1,0,1
33,1,1,1,1,1,1,1,1,1,1,1,1,1,1,1,1,1,1,1,1,1,1,1,1,1,1
33,0,1,0,1,1,1,0,1,1,0,0,0,1,0,0,1,0,0,1,0,1,0,1,1,1,1
33,0,0,1,0,0,1,0,0,1,0,1,0,0,0,1,1,0,1,1,1,0,1,0,0,1,0
33,1,1,0,0,0,0,0,0,1,1,0,1,1,0,0,1,0,0,0,0,0,0,0,1,1,1
33,1,0,0,1,0,0,0,0,0,0,1,0,0,1,0,1,0,1,0,0,1,0,1,1,1,1
33,1,1,0,0,1,1,0,0,0,1,0,0,0,0,1,0,1,0,1,0,1,0,0,0,1,1
33,0,0,1,0,0,0,1,1,1,1,0,0,1,1,0,0,0,1,0,1,0,0,1,0,0,1
33,1,1,0,0,1,0,0,1,0,0,0,0,1,1,0,0,1,1,1,0,0,0,0,1,1,1
33,1,0,1,1,0,0,1,1,1,1,0,1,0,0,0,1,1,0,0,1,1,1,1,0,0,0
33,0,0,0,0,0,0,1,1,1,0,1,1,1,1,0,0,1,0,0,0,0,0,1,1,1,1
33,1,1,0,1,1,0,0,0,1,0,0,1,0,0,1,1,0,0,0,0,0,1,1,1,1,1
33,0,0,1,0,0,0,1,0,0,0,1,1,0,0,1,0,1,1,1,0,0,0,0,1,0,1
33,0,1,1,1,0,0,1,1,0,1,1,0,0,1,1,0,0,0,1,1,1,0,0,0,1,1
33,0,0,0,1,0,1,0,0,1,1,1,0,1,1,0,0,1,1,0,1,1,1,0,0,0,0
33,0,0,0,1,1,1,0,1,0,1,1,1,0,0,0,0,0,1,0,1,0,0,1,1,1,1
33,1,0,0,0,1,1,0,0,1,0,1,0,1,1,0,0,0,1,1,0,1,1,1,0,0,0
33,1,1,1,0,0,1,0,0,1,1,0,1,1,0,0,0,0,1,0,1,0,1,0,0,1,0
14,0,1,0,0,1,1,0,1,1,1,0,0,0,1,1,0,0,0,1,0,0,0,0,1,0,1
14,1,0,0,1,1,0,1,1,0,1,0,0,1,0,0,1,0,0,1,1,0,1,0,1,1,0
14,0,0,1,1,1,0,0,0,1,1,1,0,1,0,1,1,1,1,0,0,0,0,1,0,1,0
14,0,1,1,0,0,1,0,0,1,0,1,0,0,1,1,0,1,1,0,1,0,0,0,0,1,1
14,1,1,0,0,0,0,0,0,1,0,1,0,0,0,1,0,0,1,0,0,1,1,1,0,1,0
14,0,1,0,1,0,0,0,0,0,1,1,1,0,1,0,1,1,0,0,0,1,0,0,0,0,1
14,1,0,0,1,0,0,0,0,1,1,1,1,0,0,0,0,0,0,0,1,0,1,0,1,1,1
14,1,1,0,0,0,1,1,1,0,1,1,0,1,0,0,0,0,0,1,1,0,0,0,1,1,0
14,0,0,0,1,1,0,1,1,1,1,0,0,1,0,1,1,1,1,0,0,0,0,1,0,0,0
14,0,1,1,0,0,1,0,0,1,0,1,0,0,0,1,0,0,0,1,1,1,1,1,0,1,0
14,1,0,1,0,0,1,0,0,1,0,0,1,0,0,0,1,1,0,1,1,1,0,1,1,0,0
14,1,0,1,0,1,0,1,1,0,0,0,0,1,0,1,0,1,1,0,1,0,0,1,0,0,0
14,0,0,1,1,0,1,1,0,0,0,1,0,1,1,1,0,1,0,1,0,1,0,1,0,0,1
14,0,1,1,1,1,0,0,0,0,0,1,1,0,1,0,0,1,0,0,1,1,1,0,1,0,1
14,1,0,0,0,0,1,0,1,1,0,1,1,1,1,0,1,0,1,0,0,0,1,1,1,0,0
14,1,1,1,0,1,1,1,0,1,1,0,0,1,0,0,0,0,0,0,0,0,0,1,1,0,0
14,0,1,0,1,1,1,1,0,0,1,1,1,0,0,1,0,0,0,1,0,0,1,1,0,1,1
14,1,1,1,1,1,0,0,0,0,0,0,1,0,0,1,0,1,1,1,1,0,1,0,1,0,1
14,1,0,0,0,1,0,1,1,1,0,0,1,1,1,1,0,0,0,1,0,1,1,1,0,1,0
14,0,0,0,1,0,0,1,1,0,0,1,0,0,0,1,0,0,0,1,1,1,0,1,1,0,1
14,1,0,0,0,1,0,0,0,1,1,1,0,0,0,0,1,1,1,0,1,0,0,1,0,0,1
14,0,0,0,0,0,0,1,1,1,0,0,0,0,1,0,0,1,1,1,1,0,0,0,1,0,0
14,1,1,1,1,0,0,0,0,0,0,0,0,1,1,0,0,1,0,1,1,0,1,0,1,1,1
14,0,0,1,1,0,1,1,0,0,0,0,1,1,1,0,0,1,1,0,0,1,0,1,0,0,1
14,0,0,1,0,0,0,0,1,1,0,0,1,0,1,0,1,0,1,1,0,1,1,1,0,0,0
14,1,1,1,0,1,0,1,0,0,0,0,0,0,1,0,0,1,1,0,1,0,1,0,1,0,1
14,0,0,0,1,0,0,0,0,1,0,1,1,1,0,0,1,0,0,1,0,0,1,1,1,1,0
14,0,1,1,1,0,1,0,1,0,1,0,0,1,1,1,0,0,1,0,0,1,1,0,1,0,0
14,1,0,0,1,1,0,1,0,0,1,0,1,1,1,0,0,1,1,0,0,1,0,0,0,1,0
14,0,1,0,0,1,0,1,1,0,0,0,0,1,1,1,1,1,1,0,0,1,0,1,0,0,1
14,1,1,0,1,0,1,0,0,1,0,0,0,1,0,0,0,0,0,0,1,1,0,1,1,0,1
14,1,1,1,1,1,0,0,0,0,0,0,1,0,0,0,1,0,1,1,1,0,0,0,1,0,0
14,1,1,0,0,0,1,1,1,1,1,0,1,1,1,0,1,1,0,0,0,0,0,0,0,0,1
14,0,0,0,1,1,0,0,1,1,0,1,0,0,0,1,1,0,0,0,1,0,0,1,1,0,1
14,1,1,1,1,1,1,1,1,1,1,1,1,1,1,1,1,1,1,1,1,1,1,1,1,1,1
14,0,1,0,1,1,1,0,1,1,0,0,0,1,0,0,1,0,0,1,0,1,0,1,1,1,1
14,0,0,1,0,0,1,0,0,1,0,1,0,0,0,1,1,0,1,1,1,0,1,0,0,1,0
14,1,1,0,0,0,0,0,0,1,1,0,1,1,0,0,1,0,0,0,0,0,0,0,1,1,1
14,1,0,0,1,0,0,0,0,0,0,1,0,0,1,0,1,0,1,0,0,1,0,1,1,1,1
14,1,1,0,0,1,1,0,0,0,1,0,0,0,0,1,0,1,0,1,0,1,0,0,0,1,1
14,0,0,1,0,0,0,1,1,1,1,0,0,1,1,0,0,0,1,0,1,0,0,1,0,0,1
14,1,1,0,0,1,0,0,1,0,0,0,0,1,1,0,0,1,1,1,0,0,0,0,1,1,1
14,1,0,1,1,0,0,1,1,1,1,0,1,0,0,0,1,1,0,0,1,1,1,1,0,0,0
14,0,0,0,0,0,0,1,1,1,0,1,1,1,1,0,0,1,0,0,0,0,0,1,1,1,1
14,1,1,0,1,1,0,0,0,1,0,0,1,0,0,1,1,0,0,0,0,0,1,1,1,1,1
14,0,0,1,0,0,0,1,0,0,0,1,1,0,0,1,0,1,1,1,0,0,0,0,1,0,1
14,0,1,1,1,0,0,1,1,0,1,1,0,0,1,1,0,0,0,1,1,1,0,0,0,1,1
14,0,0,0,1,0,1,0,0,1,1,1,0,1,1,0,0,1,1,0,1,1,1,0,0,0,0
14,0,0,0,1,1,1,0,1,0,1,1,1,0,0,0,0,0,1,0,1,0,0,1,1,1,1
14,1,0,0,0,1,1,0,0,1,0,1,0,1,1,0,0,0,1,1,0,1,1,1,0,0,0
14,1,1,1,0,0,1,0,0,1,1,0,1,1,0,0,0,0,1,0,1,0,1,0,0,1,0
23,0,1,0,0,1,1,0,1,1,1,0,0,0,1,1,0,0,0,1,0,0,0,0,1,0,1
23,1,0,0,1,1,0,1,1,0,1,0,0,1,0,0,1,0,0,1,1,0,1,0,1,1,0
23,0,0,1,1,1,0,0,0,1,1,1,0,1,0,1,1,1,1,0,0,0,0,1,0,1,0
23,0,1,1,0,0,1,0,0,1,0,1,0,0,1,1,0,1,1,0,1,0,0,0,0,1,1
23,1,1,0,0,0,0,0,0,1,0,1,0,0,0,1,0,0,1,0,0,1,1,1,0,1,0
23,0,1,0,1,0,0,0,0,0,1,1,1,0,1,0,1,1,0,0,0,1,0,0,0,0,1
23,1,0,0,1,0,0,0,0,1,1,1,1,0,0,0,0,0,0,0,1,0,1,0,1,1,1
23,1,1,0,0,0,1,1,1,0,1,1,0,1,0,0,0,0,0,1,1,0,0,0,1,1,0
23,0,0,0,1,1,0,1,1,1,1,0,0,1,0,1,1,1,1,0,0,0,0,1,0,0,0
23,0,1,1,0,0,1,0,0,1,0,1,0,0,0,1,0,0,0,1,1,1,1,1,0,1,0
23,1,0,1,0,0,1,0,0,1,0,0,1,0,0,0,1,1,0,1,1,1,0,1,1,0,0
23,1,0,1,0,1,0,1,1,0,0,0,0,1,0,1,0,1,1,0,1,0,0,1,0,0,0
23,0,0,1,1,0,1,1,0,0,0,1,0,1,1,1,0,1,0,1,0,1,0,1,0,0,1
23,0,1,1,1,1,0,0,0,0,0,1,1,0,1,0,0,1,0,0,1,1,1,0,1,0,1
23,1,0,0,0,0,1,0,1,1,0,1,1,1,1,0,1,0,1,0,0,0,1,1,1,0,0
23,1,1,1,0,1,1,1,0,1,1,0,0,1,0,0,0,0,0,0,0,0,0,1,1,0,0
23,0,1,0,1,1,1,1,0,0,1,1,1,0,0,1,0,0,0,1,0,0,1,1,0,1,1
23,1,1,1,1,1,0,0,0,0,0,0,1,0,0,1,0,1,1,1,1,0,1,0,1,0,1
23,1,0,0,0,1,0,1,1,1,0,0,1,1,1,1,0,0,0,1,0,1,1,1,0,1,0
23,0,0,0,1,0,0,1,1,0,0,1,0,0,0,1,0,0,0,1,1,1,0,1,1,0,1
23,1,0,0,0,1,0,0,0,1,1,1,0,0,0,0,1,1,1,0,1,0,0,1,0,0,1
23,0,0,0,0,0,0,1,1,1,0,0,0,0,1,0,0,1,1,1,1,0,0,0,1,0,0
23,1,1,1,1,0,0,0,0,0,0,0,0,1,1,0,0,1,0,1,1,0,1,0,1,1,1
23,0,0,1,1,0,1,1,0,0,0,0,1,1,1,0,0,1,1,0,0,1,0,1,0,0,1
23,0,0,1,0,0,0,0,1,1,0,0,1,0,1,0,1,0,1,1,0,1,1,1,0,0,0
23,1,1,1,0,1,0,1,0,0,0,0,0,0,1,0,0,1,1,0,1,0,1,0,1,0,1
23,0,0,0,1,0,0,0,0,1,0,1,1,1,0,0,1,0,0,1,0,0,1,1,1,1,0
23,0,1,1,1,0,1,0,1,0,1,0,0,1,1,1,0,0,1,0,0,1,1,0,1,0,0
23,1,0,0,1,1,0,1,0,0,1,0,1,1,1,0,0,1,1,0,0,1,0,0,0,1,0
23,0,1,0,0,1,0,1,1,0,0,0,0,1,1,1,1,1,1,0,0,1,0,1,0,0,1
23,1,1,0,1,0,1,0,0,1,0,0,0,1,0,0,0,0,0,0,1,1,0,1,1,0,1
23,1,1,1,1,1,0,0,0,0,0,0,1,0,0,0,1,0,1,1,1,0,0,0,1,0,0
23,1,1,0,0,0,1,1,1,1,1,0,1,1,1,0,1,1,0,0,0,0,0,0,0,0,1
23,0,0,0,1,1,0,0,1,1,0,1,0,0,0,1,1,0,0,0,1,0,0,1,1,0,1
23,1,1,1,1,1,1,1,1,1,1,1,1,1,1,1,1,1,1,1,1,1,1,1,1,1,1
23,0,1,0,1,1,1,0,1,1,0,0,0,1,0,0,1,0,0,1,0,1,0,1,1,1,1
23,0,0,1,0,0,1,0,0,1,0,1,0,0,0,1,1,0,1,1,1,0,1,0,0,1,0
23,1,1,0,0,0,0,0,0,1,1,0,1,1,0,0,1,0,0,0,0,0,0,0,1,1,1
23,1,0,0,1,0,0,0,0,0,0,1,0,0,1,0,1,0,1,0,0,1,0,1,1,1,1
23,1,1,0,0,1,1,0,0,0,1,0,0,0,0,1,0,1,0,1,0,1,0,0,0,1,1
23,0,0,1,0,0,0,1,1,1,1,0,0,1,1,0,0,0,1,0,1,0,0,1,0,0,1
23,1,1,0,0,1,0,0,1,0,0,0,0,1,1,0,0,1,1,1,0,0,0,0,1,1,1
23,1,0,1,1,0,0,1,1,1,1,0,1,0,0,0,1,1,0,0,1,1,1,1,0,0,0
23,0,0,0,0,0,0,1,1,1,0,1,1,1,1,0,0,1,0,0,0,0,0,1,1,1,1
23,1,1,0,1,1,0,0,0,1,0,0,1,0,0,1,1,0,0,0,0,0,1,1,1,1,1
23,0,0,1,0,0,0,1,0,0,0,1,1,0,0,1,0,1,1,1,0,0,0,0,1,0,1
23,0,1,1,1,0,0,1,1,0,1,1,0,0,1,1,0,0,0,1,1,1,0,0,0,1,1
23,0,0,0,1,0,1,0,0,1,1,1,0,1,1,0,0,1,1,0,1,1,1,0,0,0,0
23,0,0,0,1,1,1,0,1,0,1,1,1,0,0,0,0,0,1,0,1,0,0,1,1,1,1
23,1,0,0,0,1,1,0,0,1,0,1,0,1,1,0,0,0,1,1,0,1,1,1,0,0,0
23,1,1,1,0,0,1,0,0,1,1,0,1,1,0,0,0,0,1,0,1,0,1,0,0,1,0
31,0,1,0,0,1,1,0,1,1,1,0,0,0,1,1,0,0,0,1,0,0,0,0,1,0,1
31,1,0,0,1,1,0,1,1,0,1,0,0,1,0,0,1,0,0,1,1,0,1,0,1,1,0
31,0,0,1,1,1,0,0,0,1,1,1,0,1,0,1,1,1,1,0,0,0,0,1,0,1,0
31,0,1,1,0,0,1,0,0,1,0,1,0,0,1,1,0,1,1,0,1,0,0,0,0,1,1
31,1,1,0,0,0,0,0,0,1,0,1,0,0,0,1,0,0,1,0,0,1,1,1,0,1,0
31,0,1,0,1,0,0,0,0,0,1,1,1,0,1,0,1,1,0,0,0,1,0,0,0,0,1
31,1,0,0,1,0,0,0,0,1,1,1,1,0,0,0,0,0,0,0,1,0,1,0,1,1,1
31,1,1,0,0,0,1,1,1,0,1,1,0,1,0,0,0,0,0,1,1,0,0,0,1,1,0
31,0,0,0,1,1,0,1,1,1,1,0,0,1,0,1,1,1,1,0,0,0,0,1,0,0,0
31,0,1,1,0,0,1,0,0,1,0,1,0,0,0,1,0,0,0,1,1,1,1,1,0,1,0
31,1,0,1,0,0,1,0,0,1,0,0,1,0,0,0,1,1,0,1,1,1,0,1,1,0,0
31,1,0,1,0,1,0,1,1,0,0,0,0,1,0,1,0,1,1,0,1,0,0,1,0,0,0
31,0,0,1,1,0,1,1,0,0,0,1,0,1,1,1,0,1,0,1,0,1,0,1,0,0,1
31,0,1,1,1,1,0,0,0,0,0,1,1,0,1,0,0,1,0,0,1,1,1,0,1,0,1
31,1,0,0,0,0,1,0,1,1,0,1,1,1,1,0,1,0,1,0,0,0,1,1,1,0,0
31,1,1,1,0,1,1,1,0,1,1,0,0,1,0,0,0,0,0,0,0,0,0,1,1,0,0
31,0,1,0,1,1,1,1,0,0,1,1,1,0,0,1,0,0,0,1,0,0,1,1,0,1,1
31,1,1,1,1,1,0,0,0,0,0,0,1,0,0,1,0,1,1,1,1,0,1,0,1,0,1
31,1,0,0,0,1,0,1,1,1,0,0,1,1,1,1,0,0,0,1,0,1,1,1,0,1,0
31,0,0,0,1,0,0,1,1,0,0,1,0,0,0,1,0,0,0,1,1,1,0,1,1,0,1
31,1,0,0,0,1,0,0,0,1,1,1,0,0,0,0,1,1,1,0,1,0,0,1,0,0,1
31,0,0,0,0,0,0,1,1,1,0,0,0,0,1,0,0,1,1,1,1,0,0,0,1,0,0
31,1,1,1,1,0,0,0,0,0,0,0,0,1,1,0,0,1,0,1,1,0,1,0,1,1,1
31,0,0,1,1,0,1,1,0,0,0,0,1,1,1,0,0,1,1,0,0,1,0,1,0,0,1
31,0,0,1,0,0,0,0,1,1,0,0,1,0,1,0,1,0,1,1,0,1,1,1,0,0,0
31,1,1,1,0,1,0,1,0,0,0,0,0,0,1,0,0,1,1,0,1,0,1,0,1,0,1
31,0,0,0,1,0,0,0,0,1,0,1,1,1,0,0,1,0,0,1,0,0,1,1,1,1,0
31,0,1,1,1,0,1,0,1,0,1,0,0,1,1,1,0,0,1,0,0,1,1,0,1,0,0
31,1,0,0,1,1,0,1,0,0,1,0,1,1,1,0,0,1,1,0,0,1,0,0,0,1,0
31,0,1,0,0,1,0,1,1,0,0,0,0,1,1,1,1,1,1,0,0,1,0,1,0,0,1
31,1,1,0,1,0,1,0,0,1,0,0,0,1,0,0,0,0,0,0,1,1,0,1,1,0,1
31,1,1,1,1,1,0,0,0,0,0,0,1,0,0,0,1,0,1,1,1,0,0,0,1,0,0
31,1,1,0,0,0,1,1,1,1,1,0,1,1,1,0,1,1,0,0,0,0,0,0,0,0,1
31,0,0,0,1,1,0,0,1,1,0,1,0,0,0,1,1,0,0,0,1,0,0,1,1,0,1
31,1,1,1,1,1,1,1,1,1,1,1,1,1,1,1,1,1,1,1,1,1,1,1,1,1,1
31,0,1,0,1,1,1,0,1,1,0,0,0,1,0,0,1,0,0,1,0,1,0,1,1,1,1
31,0,0,1,0,0,1,0,0,1,0,1,0,0,0,1,1,0,1,1,1,0,1,0,0,1,0
31,1,1,0,0,0,0,0,0,1,1,0,1,1,0,0,1,0,0,0,0,0,0,0,1,1,1
31,1,0,0,1,0,0,0,0,0,0,1,0,0,1,0,1,0,1,0,0,1,0,1,1,1,1
31,1,1,0,0,1,1,0,0,0,1,0,0,0,0,1,0,1,0,1,0,1,0,0,0,1,1
31,0,0,1,0,0,0,1,1,1,1,0,0,1,1,0,0,0,1,0,1,0,0,1,0,0,1
31,1,1,0,0,1,0,0,1,0,0,0,0,1,1,0,0,1,1,1,0,0,0,0,1,1,1
31,1,0,1,1,0,0,1,1,1,1,0,1,0,0,0,1,1,0,0,1,1,1,1,0,0,0
31,0,0,0,0,0,0,1,1,1,0,1,1,1,1,0,0,1,0,0,0,0,0,1,1,1,1
31,1,1,0,1,1,0,0,0,1,0,0,1,0,0,1,1,0,0,0,0,0,1,1,1,1,1
31,0,0,1,0,0,0,1,0,0,0,1,1,0,0,1,0,1,1,1,0,0,0,0,1,0,1
31,0,1,1,1,0,0,1,1,0,1,1,0,0,1,1,0,0,0,1,1,1,0,0,0,1,1
31,0,0,0,1,0,1,0,0,1,1,1,0,1,1,0,0,1,1,0,1,1,1,0,0,0,0
31,0,0,0,1,1,1,0,1,0,1,1,1,0,0,0,0,0,1,0,1,0,0,1,1,1,1
31,1,0,0,0,1,1,0,0,1,0,1,0,1,1,0,0,0,1,1,0,1,1,1,0,0,0
31,1,1,1,0,0,1,0,0,1,1,0,1,1,0,0,0,0,1,0,1,0,1,0,0,1,0
28,0,1,0,0,1,1,0,1,1,1,0,0,0,1,1,0,0,0,1,0,0,0,0,1,0,1
28,1,0,0,1,1,0,1,1,0,1,0,0,1,0,0,1,0,0,1,1,0,1,0,1,1,0
28,0,0,1,1,1,0,0,0,1,1,1,0,1,0,1,1,1,1,0,0,0,0,1,0,1,0
28,0,1,1,0,0,1,0,0,1,0,1,0,0,1,1,0,1,1,0,1,0,0,0,0,1,1
28,1,1,0,0,0,0,0,0,1,0,1,0,0,0,1,0,0,1,0,0,1,1,1,0,1,0
28,0,1,0,1,0,0,0,0,0,1,1,1,0,1,0,1,1,0,0,0,1,0,0,0,0,1
28,1,0,0,1,0,0,0,0,1,1,1,1,0,0,0,0,0,0,0,1,0,1,0,1,1,1
28,1,1,0,0,0,1,1,1,0,1,1,0,1,0,0,0,0,0,1,1,0,0,0,1,1,0
28,0,0,0,1,1,0,1,1,1,1,0,0,1,0,1,1,1,1,0,0,0,0,1,0,0,0
28,0,1,1,0,0,1,0,0,1,0,1,0,0,0,1,0,0,0,1,1,1,1,1,0,1,0
28,1,0,1,0,0,1,0,0,1,0,0,1,0,0,0,1,1,0,1,1,1,0,1,1,0,0
28,1,0,1,0,1,0,1,1,0,0,0,0,1,0,1,0,1,1,0,1,0,0,1,0,0,0
28,0,0,1,1,0,1,1,0,0,0,1,0,1,1,1,0,1,0,1,0,1,0,1,0,0,1
28,0,1,1,1,1,0,0,0,0,0,1,1,0,1,0,0,1,0,0,1,1,1,0,1,0,1
28,1,0,0,0,0,1,0,1,1,0,1,1,1,1,0,1,0,1,0,0,0,1,1,1,0,0
28,1,1,1,0,1,1,1,0,1,1,0,0,1,0,0,0,0,0,0,0,0,0,1,1,0,0
28,0,1,0,1,1,1,1,0,0,1,1,1,0,0,1,0,0,0,1,0,0,1,1,0,1,1
28,1,1,1,1,1,0,0,0,0,0,0,1,0,0,1,0,1,1,1,1,0,1,0,1,0,1
28,1,0,0,0,1,0,1,1,1,0,0,1,1,1,1,0,0,0,1,0,1,1,1,0,1,0
28,0,0,0,1,0,0,1,1,0,0,1,0,0,0,1,0,0,0,1,1,1,0,1,1,0,1
28,1,0,0,0,1,0,0,0,1,1,1,0,0,0,0,1,1,1,0,1,0,0,1,0,0,1
28,0,0,0,0,0,0,1,1,1,0,0,0,0,1,0,0,1,1,1,1,0,0,0,1,0,0
28,1,1,1,1,0,0,0,0,0,0,0,0,1,1,0,0,1,0,1,1,0,1,0,1,1,1
28,0,0,1,1,0,1,1,0,0,0,0,1,1,1,0,0,1,1,0,0,1,0,1,0,0,1
28,0,0,1,0,0,0,0,1,1,0,0,1,0,1,0,1,0,1,1,0,1,1,1,0,0,0
28,1,1,1,0,1,0,1,0,0,0,0,0,0,1,0,0,1,1,0,1,0,1,0,1,0,1
28,0,0,0,1,0,0,0,0,1,0,1,1,1,0,0,1,0,0,1,0,0,1,1,1,1,0
28,0,1,1,1,0,1,0,1,0,1,0,0,1,1,1,0,0,1,0,0,1,1,0,1,0,0
28,1,0,0,1,1,0,1,0,0,1,0,1,1,1,0,0,1,1,0,0,1,0,0,0,1,0
28,0,1,0,0,1,0,1,1,0,0,0,0,1,1,1,1,1,1,0,0,1,0,1,0,0,1
28,1,1,0,1,0,1,0,0,1,0,0,0,1,0,0,0,0,0,0,1,1,0,1,1,0,1
28,1,1,1,1,1,0,0,0,0,0,0,1,0,0,0,1,0,1,1,1,0,0,0,1,0,0
28,1,1,0,0,0,1,1,1,1,1,0,1,1,1,0,1,1,0,0,0,0,0,0,0,0,1
28,0,0,0,1,1,0,0,1,1,0,1,0,0,0,1,1,0,0,0,1,0,0,1,1,0,1
28,1,1,1,1,1,1,1,1,1,1,1,1,1,1,1,1,1,1,1,1,1,1,1,1,1,1
28,0,1,0,1,1,1,0,1,1,0,0,0,1,0,0,1,0,0,1,0,1,0,1,1,1,1
28,0,0,1,0,0,1,0,0,1,0,1,0,0,0,1,1,0,1,1,1,0,1,0,0,1,0
28,1,1,0,0,0,0,0,0,1,1,0,1,1,0,0,1,0,0,0,0,0,0,0,1,1,1
28,1,0,0,1,0,0,0,0,0,0,1,0,0,1,0,1,0,1,0,0,1,0,1,1,1,1
28,1,1,0,0,1,1,0,0,0,1,0,0,0,0,1,0,1,0,1,0,1,0,0,0,1,1
28,0,0,1,0,0,0,1,1,1,1,0,0,1,1,0,0,0,1,0,1,0,0,1,0,0,1
28,1,1,0,0,1,0,0,1,0,0,0,0,1,1,0,0,1,1,1,0,0,0,0,1,1,1
28,1,0,1,1,0,0,1,1,1,1,0,1,0,0,0,1,1,0,0,1,1,1,1,0,0,0
28,0,0,0,0,0,0,1,1,1,0,1,1,1,1,0,0,1,0,0,0,0,0,1,1,1,1
28,1,1,0,1,1,0,0,0,1,0,0,1,0,0,1,1,0,0,0,0,0,1,1,1,1,1
28,0,0,1,0,0,0,1,0,0,0,1,1,0,0,1,0,1,1,1,0,0,0,0,1,0,1
28,0,1,1,1,0,0,1,1,0,1,1,0,0,1,1,0,0,0,1,1,1,0,0,0,1,1
28,0,0,0,1,0,1,0,0,1,1,1,0,1,1,0,0,1,1,0,1,1,1,0,0,0,0
28,0,0,0,1,1,1,0,1,0,1,1,1,0,0,0,0,0,1,0,1,0,0,1,1,1,1
28,1,0,0,0,1,1,0,0,1,0,1,0,1,1,0,0,0,1,1,0,1,1,1,0,0,0
28,1,1,1,0,0,1,0,0,1,1,0,1,1,0,0,0,0,1,0,1,0,1,0,0,1,0
32,0,1,0,0,1,1,0,1,1,1,0,0,0,1,1,0,0,0,1,0,0,0,0,1,0,1
32,1,0,0,1,1,0,1,1,0,1,0,0,1,0,0,1,0,0,1,1,0,1,0,1,1,0
32,0,0,1,1,1,0,0,0,1,1,1,0,1,0,1,1,1,1,0,0,0,0,1,0,1,0
32,0,1,1,0,0,1,0,0,1,0,1,0,0,1,1,0,1,1,0,1,0,0,0,0,1,1
32,1,1,0,0,0,0,0,0,1,0,1,0,0,0,1,0,0,1,0,0,1,1,1,0,1,0
32,0,1,0,1,0,0,0,0,0,1,1,1,0,1,0,1,1,0,0,0,1,0,0,0,0,1
32,1,0,0,1,0,0,0,0,1,1,1,1,0,0,0,0,0,0,0,1,0,1,0,1,1,1
32,1,1,0,0,0,1,1,1,0,1,1,0,1,0,0,0,0,0,1,1,0,0,0,1,1,0
32,0,0,0,1,1,0,1,1,1,1,0,0,1,0,1,1,1,1,0,0,0,0,1,0,0,0
32,0,1,1,0,0,1,0,0,1,0,1,0,0,0,1,0,0,0,1,1,1,1,1,0,1,0
32,1,0,1,0,0,1,0,0,1,0,0,1,0,0,0,1,1,0,1,1,1,0,1,1,0,0
32,1,0,1,0,1,0,1,1,0,0,0,0,1,0,1,0,1,1,0,1,0,0,1,0,0,0
32,0,0,1,1,0,1,1,0,0,0,1,0,1,1,1,0,1,0,1,0,1,0,1,0,0,1
32,0,1,1,1,1,0,0,0,0,0,1,1,0,1,0,0,1,0,0,1,1,1,0,1,0,1
32,1,0,0,0,0,1,0,1,1,0,1,1,1,1,0,1,0,1,0,0,0,1,1,1,0,0
32,1,1,1,0,1,1,1,0,1,1,0,0,1,0,0,0,0,0,0,0,0,0,1,1,0,0
32,0,1,0,1,1,1,1,0,0,1,1,1,0,0,1,0,0,0,1,0,0,1,1,0,1,1
32,1,1,1,1,1,0,0,0,0,0,0,1,0,0,1,0,1,1,1,1,0,1,0,1,0,1
32,1,0,0,0,1,0,1,1,1,0,0,1,1,1,1,0,0,0,1,0,1,1,1,0,1,0
32,0,0,0,1,0,0,1,1,0,0,1,0,0,0,1,0,0,0,1,1,1,0,1,1,0,1
32,1,0,0,0,1,0,0,0,1,1,1,0,0,0,0,1,1,1,0,1,0,0,1,0,0,1
32,0,0,0,0,0,0,1,1,1,0,0,0,0,1,0,0,1,1,1,1,0,0,0,1,0,0
32,1,1,1,1,0,0,0,0,0,0,0,0,1,1,0,0,1,0,1,1,0,1,0,1,1,1
32,0,0,1,1,0,1,1,0,0,0,0,1,1,1,0,0,1,1,0,0,1,0,1,0,0,1
32,0,0,1,0,0,0,0,1,1,0,0,1,0,1,0,1,0,1,1,0,1,1,1,0,0,0
32,1,1,1,0,1,0,1,0,0,0,0,0,0,1,0,0,1,1,0,1,0,1,0,1,0,1
32,0,0,0,1,0,0,0,0,1,0,1,1,1,0,0,1,0,0,1,0,0,1,1,1,1,0
32,0,1,1,1,0,1,0,1,0,1,0,0,1,1,1,0,0,1,0,0,1,1,0,1,0,0
32,1,0,0,1,1,0,1,0,0,1,0,1,1,1,0,0,1,1,0,0,1,0,0,0,1,0
32,0,1,0,0,1,0,1,1,0,0,0,0,1,1,1,1,1,1,0,0,1,0,1,0,0,1
32,1,1,0,1,0,1,0,0,1,0,0,0,1,0,0,0,0,0,0,1,1,0,1,1,0,1
32,1,1,1,1,1,0,0,0,0,0,0,1,0,0,0,1,0,1,1,1,0,0,0,1,0,0
32,1,1,0,0,0,1,1,1,1,1,0,1,1,1,0,1,1,0,0,0,0,0,0,0,0,1
32,0,0,0,1,1,0,0,1,1,0,1,0,0,0,1,1,0,0,0,1,0,0,1,1,0,1
32,1,1,1,1,1,1,1,1,1,1,1,1,1,1,1,1,1,1,1,1,1,1,1,1,1,1
32,0,1,0,1,1,1,0,1,1,0,0,0,1,0,0,1,0,0,1,0,1,0,1,1,1,1
32,0,0,1,0,0,1,0,0,1,0,1,0,0,0,1,1,0,1,1,1,0,1,0,0,1,0
32,1,1,0,0,0,0,0,0,1,1,0,1,1,0,0,1,0,0,0,0,0,0,0,1,1,1
32,1,0,0,1,0,0,0,0,0,0,1,0,0,1,0,1,0,1,0,0,1,0,1,1,1,1
32,1,1,0,0,1,1,0,0,0,1,0,0,0,0,1,0,1,0,1,0,1,0,0,0,1,1
32,0,0,1,0,0,0,1,1,1,1,0,0,1,1,0,0,0,1,0,1,0,0,1,0,0,1
32,1,1,0,0,1,0,0,1,0,0,0,0,1,1,0,0,1,1,1,0,0,0,0,1,1,1
32,1,0,1,1,0,0,1,1,1,1,0,1,0,0,0,1,1,0,0,1,1,1,1,0,0,0
32,0,0,0,0,0,0,1,1,1,0,1,1,1,1,0,0,1,0,0,0,0,0,1,1,1,1
32,1,1,0,1,1,0,0,0,1,0,0,1,0,0,1,1,0,0,0,0,0,1,1,1,1,1
32,0,0,1,0,0,0,1,0,0,0,1,1,0,0,1,0,1,1,1,0,0,0,0,1,0,1
32,0,1,1,1,0,0,1,1,0,1,1,0,0,1,1,0,0,0,1,1,1,0,0,0,1,1
32,0,0,0,1,0,1,0,0,1,1,1,0,1,1,0,0,1,1,0,1,1,1,0,0,0,0
32,0,0,0,1,1,1,0,1,0,1,1,1,0,0,0,0,0,1,0,1,0,0,1,1,1,1
32,1,0,0,0,1,1,0,0,1,0,1,0,1,1,0,0,0,1,1,0,1,1,1,0,0,0
32,1,1,1,0,0,1,0,0,1,1,0,1,1,0,0,0,0,1,0,1,0,1,0,0,1,0
3,0,1,0,0,1,1,0,1,1,1,0,0,0,1,1,0,0,0,1,0,0,0,0,1,0,1
3,1,0,0,1,1,0,1,1,0,1,0,0,1,0,0,1,0,0,1,1,0,1,0,1,1,0
3,0,0,1,1,1,0,0,0,1,1,1,0,1,0,1,1,1,1,0,0,0,0,1,0,1,0
3,0,1,1,0,0,1,0,0,1,0,1,0,0,1,1,0,1,1,0,1,0,0,0,0,1,1
3,1,1,0,0,0,0,0,0,1,0,1,0,0,0,1,0,0,1,0,0,1,1,1,0,1,0
3,0,1,0,1,0,0,0,0,0,1,1,1,0,1,0,1,1,0,0,0,1,0,0,0,0,1
3,1,0,0,1,0,0,0,0,1,1,1,1,0,0,0,0,0,0,0,1,0,1,0,1,1,1
3,1,1,0,0,0,1,1,1,0,1,1,0,1,0,0,0,0,0,1,1,0,0,0,1,1,0
3,0,0,0,1,1,0,1,1,1,1,0,0,1,0,1,1,1,1,0,0,0,0,1,0,0,0
3,0,1,1,0,0,1,0,0,1,0,1,0,0,0,1,0,0,0,1,1,1,1,1,0,1,0
3,1,0,1,0,0,1,0,0,1,0,0,1,0,0,0,1,1,0,1,1,1,0,1,1,0,0
3,1,0,1,0,1,0,1,1,0,0,0,0,1,0,1,0,1,1,0,1,0,0,1,0,0,0
3,0,0,1,1,0,1,1,0,0,0,1,0,1,1,1,0,1,0,1,0,1,0,1,0,0,1
3,0,1,1,1,1,0,0,0,0,0,1,1,0,1,0,0,1,0,0,1,1,1,0,1,0,1
3,1,0,0,0,0,1,0,1,1,0,1,1,1,1,0,1,0,1,0,0,0,1,1,1,0,0
3,1,1,1,0,1,1,1,0,1,1,0,0,1,0,0,0,0,0,0,0,0,0,1,1,0,0
3,0,1,0,1,1,1,1,0,0,1,1,1,0,0,1,0,0,0,1,0,0,1,1,0,1,1
3,1,1,1,1,1,0,0,0,0,0,0,1,0,0,1,0,1,1,1,1,0,1,0,1,0,1
3,1,0,0,0,1,0,1,1,1,0,0,1,1,1,1,0,0,0,1,0,1,1,1,0,1,0
3,0,0,0,1,0,0,1,1,0,0,1,0,0,0,1,0,0,0,1,1,1,0,1,1,0,1
3,1,0,0,0,1,0,0,0,1,1,1,0,0,0,0,1,1,1,0,1,0,0,1,0,0,1
3,0,0,0,0,0,0,1,1,1,0,0,0,0,1,0,0,1,1,1,1,0,0,0,1,0,0
3,1,1,1,1,0,0,0,0,0,0,0,0,1,1,0,0,1,0,1,1,0,1,0,1,1,1
3,0,0,1,1,0,1,1,0,0,0,0,1,1,1,0,0,1,1,0,0,1,0,1,0,0,1
3,0,0,1,0,0,0,0,1,1,0,0,1,0,1,0,1,0,1,1,0,1,1,1,0,0,0
3,1,1,1,0,1,0,1,0,0,0,0,0,0,1,0,0,1,1,0,1,0,1,0,1,0,1
3,0,0,0,1,0,0,0,0,1,0,1,1,1,0,0,1,0,0,1,0,0,1,1,1,1,0
3,0,1,1,1,0,1,0,1,0,1,0,0,1,1,1,0,0,1,0,0,1,1,0,1,0,0
3,1,0,0,1,1,0,1,0,0,1,0,1,1,1,0,0,1,1,0,0,1,0,0,0,1,0
3,0,1,0,0,1,0,1,1,0,0,0,0,1,1,1,1,1,1,0,0,1,0,1,0,0,1
3,1,1,0,1,0,1,0,0,1,0,0,0,1,0,0,0,0,0,0,1,1,0,1,1,0,1
3,1,1,1,1,1,0,0,0,0,0,0,1,0,0,0,1,0,1,1,1,0,0,0,1,0,0
3,1,1,0,0,0,1,1,1,1,1,0,1,1,1,0,1,1,0,0,0,0,0,0,0,0,1
3,0,0,0,1,1,0,0,1,1,0,1,0,0,0,1,1,0,0,0,1,0,0,1,1,0,1
3,1,1,1,1,1,1,1,1,1,1,1,1,1,1,1,1,1,1,1,1,1,1,1,1,1,1
3,0,1,0,1,1,1,0,1,1,0,0,0,1,0,0,1,0,0,1,0,1,0,1,1,1,1
3,0,0,1,0,0,1,0,0,1,0,1,0,0,0,1,1,0,1,1,1,0,1,0,0,1,0
3,1,1,0,0,0,0,0,0,1,1,0,1,1,0,0,1,0,0,0,0,0,0,0,1,1,1
3,1,0,0,1,0,0,0,0,0,0,1,0,0,1,0,1,0,1,0,0,1,0,1,1,1,1
3,1,1,0,0,1,1,0,0,0,1,0,0,0,0,1,0,1,0,1,0,1,0,0,0,1,1
3,0,0,1,0,0,0,1,1,1,1,0,0,1,1,0,0,0,1,0,1,0,0,1,0,0,1
3,1,1,0,0,1,0,0,1,0,0,0,0,1,1,0,0,1,1,1,0,0,0,0,1,1,1
3,1,0,1,1,0,0,1,1,1,1,0,1,0,0,0,1,1,0,0,1,1,1,1,0,0,0
3,0,0,0,0,0,0,1,1,1,0,1,1,1,1,0,0,1,0,0,0,0,0,1,1,1,1
3,1,1,0,1,1,0,0,0,1,0,0,1,0,0,1,1,0,0,0,0,0,1,1,1,1,1
3,0,0,1,0,0,0,1,0,0,0,1,1,0,0,1,0,1,1,1,0,0,0,0,1,0,1
3,0,1,1,1,0,0,1,1,0,1,1,0,0,1,1,0,0,0,1,1,1,0,0,0,1,1
3,0,0,0,1,0,1,0,0,1,1,1,0,1,1,0,0,1,1,0,1,1,1,0,0,0,0
3,0,0,0,1,1,1,0,1,0,1,1,1,0,0,0,0,0,1,0,1,0,0,1,1,1,1
3,1,0,0,0,1,1,0,0,1,0,1,0,1,1,0,0,0,1,1,0,1,1,1,0,0,0
3,1,1,1,0,0,1,0,0,1,1,0,1,1,0,0,0,0,1,0,1,0,1,0,0,1,0
17,0,1,0,0,1,1,0,1,1,1,0,0,0,1,1,0,0,0,1,0,0,0,0,1,0,1
17,1,0,0,1,1,0,1,1,0,1,0,0,1,0,0,1,0,0,1,1,0,1,0,1,1,0
17,0,0,1,1,1,0,0,0,1,1,1,0,1,0,1,1,1,1,0,0,0,0,1,0,1,0
17,0,1,1,0,0,1,0,0,1,0,1,0,0,1,1,0,1,1,0,1,0,0,0,0,1,1
17,1,1,0,0,0,0,0,0,1,0,1,0,0,0,1,0,0,1,0,0,1,1,1,0,1,0
17,0,1,0,1,0,0,0,0,0,1,1,1,0,1,0,1,1,0,0,0,1,0,0,0,0,1
17,1,0,0,1,0,0,0,0,1,1,1,1,0,0,0,0,0,0,0,1,0,1,0,1,1,1
17,1,1,0,0,0,1,1,1,0,1,1,0,1,0,0,0,0,0,1,1,0,0,0,1,1,0
17,0,0,0,1,1,0,1,1,1,1,0,0,1,0,1,1,1,1,0,0,0,0,1,0,0,0
17,0,1,1,0,0,1,0,0,1,0,1,0,0,0,1,0,0,0,1,1,1,1,1,0,1,0
17,1,0,1,0,0,1,0,0,1,0,0,1,0,0,0,1,1,0,1,1,1,0,1,1,0,0
17,1,0,1,0,1,0,1,1,0,0,0,0,1,0,1,0,1,1,0,1,0,0,1,0,0,0
17,0,0,1,1,0,1,1,0,0,0,1,0,1,1,1,0,1,0,1,0,1,0,1,0,0,1
17,0,1,1,1,1,0,0,0,0,0,1,1,0,1,0,0,1,0,0,1,1,1,0,1,0,1
17,1,0,0,0,0,1,0,1,1,0,1,1,1,1,0,1,0,1,0,0,0,1,1,1,0,0
17,1,1,1,0,1,1,1,0,1,1,0,0,1,0,0,0,0,0,0,0,0,0,1,1,0,0
17,0,1,0,1,1,1,1,0,0,1,1,1,0,0,1,0,0,0,1,0,0,1,1,0,1,1
17,1,1,1,1,1,0,0,0,0,0,0,1,0,0,1,0,1,1,1,1,0,1,0,1,0,1
17,1,0,0,0,1,0,1,1,1,0,0,1,1,1,1,0,0,0,1,0,1,1,1,0,1,0
17,0,0,0,1,0,0,1,1,0,0,1,0,0,0,1,0,0,0,1,1,1,0,1,1,0,1
17,1,0,0,0,1,0,0,0,1,1,1,0,0,0,0,1,1,1,0,1,0,0,1,0,0,1
17,0,0,0,0,0,0,1,1,1,0,0,0,0,1,0,0,1,1,1,1,0,0,0,1,0,0
17,1,1,1,1,0,0,0,0,0,0,0,0,1,1,0,0,1,0,1,1,0,1,0,1,1,1
17,0,0,1,1,0,1,1,0,0,0,0,1,1,1,0,0,1,1,0,0,1,0,1,0,0,1
17,0,0,1,0,0,0,0,1,1,0,0,1,0,1,0,1,0,1,1,0,1,1,1,0,0,0
17,1,1,1,0,1,0,1,0,0,0,0,0,0,1,0,0,1,1,0,1,0,1,0,1,0,1
17,0,0,0,1,0,0,0,0,1,0,1,1,1,0,0,1,0,0,1,0,0,1,1,1,1,0
17,0,1,1,1,0,1,0,1,0,1,0,0,1,1,1,0,0,1,0,0,1,1,0,1,0,0
17,1,0,0,1,1,0,1,0,0,1,0,1,1,1,0,0,1,1,0,0,1,0,0,0,1,0
17,0,1,0,0,1,0,1,1,0,0,0,0,1,1,1,1,1,1,0,0,1,0,1,0,0,1
17,1,1,0,1,0,1,0,0,1,0,0,0,1,0,0,0,0,0,0,1,1,0,1,1,0,1
17,1,1,1,1,1,0,0,0,0,0,0,1,0,0,0,1,0,1,1,1,0,0,0,1,0,0
17,1,1,0,0,0,1,1,1,1,1,0,1,1,1,0,1,1,0,0,0,0,0,0,0,0,1
17,0,0,0,1,1,0,0,1,1,0,1,0,0,0,1,1,0,0,0,1,0,0,1,1,0,1
17,1,1,1,1,1,1,1,1,1,1,1,1,1,1,1,1,1,1,1,1,1,1,1,1,1,1
17,0,1,0,1,1,1,0,1,1,0,0,0,1,0,0,1,0,0,1,0,1,0,1,1,1,1
17,0,0,1,0,0,1,0,0,1,0,1,0,0,0,1,1,0,1,1,1,0,1,0,0,1,0
17,1,1,0,0,0,0,0,0,1,1,0,1,1,0,0,1,0,0,0,0,0,0,0,1,1,1
17,1,0,0,1,0,0,0,0,0,0,1,0,0,1,0,1,0,1,0,0,1,0,1,1,1,1
17,1,1,0,0,1,1,0,0,0,1,0,0,0,0,1,0,1,0,1,0,1,0,0,0,1,1
17,0,0,1,0,0,0,1,1,1,1,0,0,1,1,0,0,0,1,0,1,0,0,1,0,0,1
17,1,1,0,0,1,0,0,1,0,0,0,0,1,1,0,0,1,1,1,0,0,0,0,1,1,1
17,1,0,1,1,0,0,1,1,1,1,0,1,0,0,0,1,1,0,0,1,1,1,1,0,0,0
17,0,0,0,0,0,0,1,1,1,0,1,1,1,1,0,0,1,0,0,0,0,0,1,1,1,1
17,1,1,0,1,1,0,0,0,1,0,0,1,0,0,1,1,0,0,0,0,0,1,1,1,1,1
17,0,0,1,0,0,0,1,0,0,0,1,1,0,0,1,0,1,1,1,0,0,0,0,1,0,1
17,0,1,1,1,0,0,1,1,0,1,1,0,0,1,1,0,0,0,1,1,1,0,0,0,1,1
17,0,0,0,1,0,1,0,0,1,1,1,0,1,1,0,0,1,1,0,1,1,1,0,0,0,0
17,0,0,0,1,1,1,0,1,0,1,1,1,0,0,0,0,0,1,0,1,0,0,1,1,1,1
17,1,0,0,0,1,1,0,0,1,0,1,0,1,1,0,0,0,1,1,0,1,1,1,0,0,0
17,1,1,1,0,0,1,0,0,1,1,0,1,1,0,0,0,0,1,0,1,0,1,0,0,1,0
18,0,1,0,0,1,1,0,1,1,1,0,0,0,1,1,0,0,0,1,0,0,0,0,1,0,1
18,1,0,0,1,1,0,1,1,0,1,0,0,1,0,0,1,0,0,1,1,0,1,0,1,1,0
18,0,0,1,1,1,0,0,0,1,1,1,0,1,0,1,1,1,1,0,0,0,0,1,0,1,0
18,0,1,1,0,0,1,0,0,1,0,1,0,0,1,1,0,1,1,0,1,0,0,0,0,1,1
18,1,1,0,0,0,0,0,0,1,0,1,0,0,0,1,0,0,1,0,0,1,1,1,0,1,0
18,0,1,0,1,0,0,0,0,0,1,1,1,0,1,0,1,1,0,0,0,1,0,0,0,0,1
18,1,0,0,1,0,0,0,0,1,1,1,1,0,0,0,0,0,0,0,1,0,1,0,1,1,1
18,1,1,0,0,0,1,1,1,0,1,1,0,1,0,0,0,0,0,1,1,0,0,0,1,1,0
18,0,0,0,1,1,0,1,1,1,1,0,0,1,0,1,1,1,1,0,0,0,0,1,0,0,0
18,0,1,1,0,0,1,0,0,1,0,1,0,0,0,1,0,0,0,1,1,1,1,1,0,1,0
18,1,0,1,0,0,1,0,0,1,0,0,1,0,0,0,1,1,0,1,1,1,0,1,1,0,0
18,1,0,1,0,1,0,1,1,0,0,0,0,1,0,1,0,1,1,0,1,0,0,1,0,0,0
18,0,0,1,1,0,1,1,0,0,0,1,0,1,1,1,0,1,0,1,0,1,0,1,0,0,1
18,0,1,1,1,1,0,0,0,0,0,1,1,0,1,0,0,1,0,0,1,1,1,0,1,0,1
18,1,0,0,0,0,1,0,1,1,0,1,1,1,1,0,1,0,1,0,0,0,1,1,1,0,0
18,1,1,1,0,1,1,1,0,1,1,0,0,1,0,0,0,0,0,0,0,0,0,1,1,0,0
18,0,1,0,1,1,1,1,0,0,1,1,1,0,0,1,0,0,0,1,0,0,1,1,0,1,1
18,1,1,1,1,1,0,0,0,0,0,0,1,0,0,1,0,1,1,1,1,0,1,0,1,0,1
18,1,0,0,0,1,0,1,1,1,0,0,1,1,1,1,0,0,0,1,0,1,1,1,0,1,0
18,0,0,0,1,0,0,1,1,0,0,1,0,0,0,1,0,0,0,1,1,1,0,1,1,0,1
18,1,0,0,0,1,0,0,0,1,1,1,0,0,0,0,1,1,1,0,1,0,0,1,0,0,1
18,0,0,0,0,0,0,1,1,1,0,0,0,0,1,0,0,1,1,1,1,0,0,0,1,0,0
18,1,1,1,1,0,0,0,0,0,0,0,0,1,1,0,0,1,0,1,1,0,1,0,1,1,1
18,0,0,1,1,0,1,1,0,0,0,0,1,1,1,0,0,1,1,0,0,1,0,1,0,0,1
18,0,0,1,0,0,0,0,1,1,0,0,1,0,1,0,1,0,1,1,0,1,1,1,0,0,0
18,1,1,1,0,1,0,1,0,0,0,0,0,0,1,0,0,1,1,0,1,0,1,0,1,0,1
18,0,0,0,1,0,0,0,0,1,0,1,1,1,0,0,1,0,0,1,0,0,1,1,1,1,0
18,0,1,1,1,0,1,0,1,0,1,0,0,1,1,1,0,0,1,0,0,1,1,0,1,0,0
18,1,0,0,1,1,0,1,0,0,1,0,1,1,1,0,0,1,1,0,0,1,0,0,0,1,0
18,0,1,0,0,1,0,1,1,0,0,0,0,1,1,1,1,1,1,0,0,1,0,1,0,0,1
18,1,1,0,1,0,1,0,0,1,0,0,0,1,0,0,0,0,0,0,1,1,0,1,1,0,1
18,1,1,1,1,1,0,0,0,0,0,0,1,0,0,0,1,0,1,1,1,0,0,0,1,0,0
18,1,1,0,0,0,1,1,1,1,1,0,1,1,1,0,1,1,0,0,0,0,0,0,0,0,1
18,0,0,0,1,1,0,0,1,1,0,1,0,0,0,1,1,0,0,0,1,0,0,1,1,0,1
18,1,1,1,1,1,1,1,1,1,1,1,1,1,1,1,1,1,1,1,1,1,1,1,1,1,1
18,0,1,0,1,1,1,0,1,1,0,0,0,1,0,0,1,0,0,1,0,1,0,1,1,1,1
18,0,0,1,0,0,1,0,0,1,0,1,0,0,0,1,1,0,1,1,1,0,1,0,0,1,0
18,1,1,0,0,0,0,0,0,1,1,0,1,1,0,0,1,0,0,0,0,0,0,0,1,1,1
18,1,0,0,1,0,0,0,0,0,0,1,0,0,1,0,1,0,1,0,0,1,0,1,1,1,1
18,1,1,0,0,1,1,0,0,0,1,0,0,0,0,1,0,1,0,1,0,1,0,0,0,1,1
18,0,0,1,0,0,0,1,1,1,1,0,0,1,1,0,0,0,1,0,1,0,0,1,0,0,1
18,1,1,0,0,1,0,0,1,0,0,0,0,1,1,0,0,1,1,1,0,0,0,0,1,1,1
18,1,0,1,1,0,0,1,1,1,1,0,1,0,0,0,1,1,0,0,1,1,1,1,0,0,0
18,0,0,0,0,0,0,1,1,1,0,1,1,1,1,0,0,1,0,0,0,0,0,1,1,1,1
18,1,1,0,1,1,0,0,0,1,0,0,1,0,0,1,1,0,0,0,0,0,1,1,1,1,1
18,0,0,1,0,0,0,1,0,0,0,1,1,0,0,1,0,1,1,1,0,0,0,0,1,0,1
18,0,1,1,1,0,0,1,1,0,1,1,0,0,1,1,0,0,0,1,1,1,0,0,0,1,1
18,0,0,0,1,0,1,0,0,1,1,1,0,1,1,0,0,1,1,0,1,1,1,0,0,0,0
18,0,0,0,1,1,1,0,1,0,1,1,1,0,0,0,0,0,1,0,1,0,0,1,1,1,1
18,1,0,0,0,1,1,0,0,1,0,1,0,1,1,0,0,0,1,1,0,1,1,1,0,0,0
18,1,1,1,0,0,1,0,0,1,1,0,1,1,0,0,0,0,1,0,1,0,1,0,0,1,0
